,title,Pandemic Legacy: Season 1,Through the Ages: A New Story of Civilization,Twilight Struggle,Gloomhaven,Star Wars: Rebellion,Terra Mystica,Terraforming Mars,Scythe,7 Wonders Duel,The Castles of Burgundy,Caverna: The Cave Farmers,Puerto Rico,War of the Ring (Second Edition),Great Western Trail,Agricola,Mage Knight Board Game,Blood Rage,Through the Ages: A Story of Civilization,Arkham Horror: The Card Game,Mansions of Madness: Second Edition,Star Wars: Imperial Assault,Mechs vs. Minions,Power Grid,Eclipse,Orléans,Food Chain Magnate,Robinson Crusoe: Adventures on the Cursed Island,Viticulture Essential Edition,Concordia,Brass: Lancashire,Le Havre,Android: Netrunner,Tzolk'in: The Mayan Calendar,A Feast for Odin,T.I.M.E Stories,Codenames,7 Wonders,Keyflower,The Voyages of Marco Polo,Caylus,Twilight Imperium (Third Edition),Eldritch Horror,Race for the Galaxy,Lords of Waterdeep,Dominant Species,Patchwork,Five Tribes,Dead of Winter: A Crossroads Game,Roll for the Galaxy,El Grande,Dominion: Intrigue,Star Wars: X-Wing Miniatures Game,Fields of Arle,Battlestar Galactica,Clank!: A Deck-Building Adventure,Mombasa,Sherlock Holmes Consulting Detective: The Thames Murders & Other Cases,Dominion,The 7th Continent,Russian Railroads,Trajan,Tigris & Euphrates,Troyes,Pandemic,Santorini,Crokinole,Descent: Journeys in the Dark (Second Edition),Castles of Mad King Ludwig,Kemet,The Gallerist,War of the Ring (first edition),Stone Age,The Resistance: Avalon,Alchemists,Arcadia Quest,A Game of Thrones: The Board Game (Second Edition),Legendary Encounters: An Alien Deck Building Game,Ora et Labora,Star Realms,Forbidden Stars,Nations,Suburbia,Commands & Colors: Ancients,Railways of the World,Ticket to Ride: Europe,Chaos in the Old World,Istanbul,Paths of Glory,Cosmic Encounter,Combat Commander: Europe,Captain Sonar,Goa,Steam,The Lord of the Rings: The Card Game,Jaipur,La Granja,Age of Steam,Hansa Teutonica,Splendor,Zombicide: Black Plague
0,Pandemic Legacy: Season 1,0.07137758743754462,0.0,0.17844396859386152,0.14275517487508924,0.0,0.03568879371877231,0.0,0.03568879371877231,0.0,0.0,0.0,0.0,0.0,0.0,0.07137758743754462,0.0,0.0,0.0,0.0,0.0,0.0,0.0,0.0,0.0,0.0,0.0,0.0,0.0,0.0,0.0,0.03568879371877231,0.0,0.0,0.0,0.03568879371877231,0.0,0.0,0.0,0.0,0.03568879371877231,0.0,0.0,0.0,0.03568879371877231,0.0,0.0,0.03568879371877231,0.0,0.0,0.0,0.0,0.0,0.0,0.0,0.0,0.0,0.0,0.07137758743754462,0.0,0.0,0.0,0.0,0.0,31.548893647394717,0.0,0.0,0.0,0.0,0.0,0.0,0.0,0.0,0.0,0.0,0.0,0.0,0.0,0.0,0.0,0.0,0.28551034975017847,0.0,0.0,0.0,0.0,0.0,0.03568879371877231,0.0,0.0,0.0,0.0,0.49964311206281226,0.10706638115631692,0.0,0.0,0.0,0.0,0.0,0.03568879371877231,0.0
1,Through the Ages: A New Story of Civilization,0.0,0.4816955684007707,0.1926782273603083,0.0,0.0,0.09633911368015415,0.1926782273603083,0.09633911368015415,0.0,0.0,0.0,0.09633911368015415,0.0,0.0,0.4816955684007707,0.0,0.0,0.1926782273603083,0.0,0.0,0.0,0.0,0.0,0.0,0.0,0.1926782273603083,0.0,0.0,0.0,0.0,0.0,0.0,0.0,0.0,0.0,0.0,0.28901734104046245,0.0,0.0,0.09633911368015415,0.0,0.0,0.09633911368015415,0.0,0.0,0.0,0.0,0.0,0.0,0.09633911368015415,0.0,0.0,0.0,0.0,0.0,0.0,0.0,0.0,0.0,0.0,0.0,0.0,0.0,0.1926782273603083,0.0,0.0,0.0,0.0,0.0,0.0,0.0,0.09633911368015415,0.0,0.0,0.0,0.0,0.0,0.0,0.0,0.0,2.4084778420038537,0.0,0.0,0.0,0.0,0.0,0.0,0.09633911368015415,0.0,0.0,0.0,0.3853564547206166,0.1926782273603083,0.0,0.0,0.0,0.0,0.0,0.0,0.0
2,Twilight Struggle,0.0,0.0,4.570127823498511,0.0,0.0,0.0,0.0,0.0,0.01751006828926633,0.0,0.0,0.14008054631413064,0.0,0.0,0.22763088776046225,0.0,0.01751006828926633,0.0,0.0,0.0,0.0,0.0,0.01751006828926633,0.03502013657853266,0.0,0.0,0.0,0.0,0.01751006828926633,0.0,0.03502013657853266,0.01751006828926633,0.0,0.0,0.0,0.0,0.01751006828926633,0.0,0.0,0.07004027315706532,0.0,0.01751006828926633,0.03502013657853266,0.0,0.07004027315706532,0.01751006828926633,0.0,0.0,0.0,0.2976711609175276,0.0,0.0,0.01751006828926633,0.01751006828926633,0.0,0.0,0.0,0.03502013657853266,0.0,0.0,0.0,0.01751006828926633,0.0,0.1225704780248643,0.0,0.0,0.0,0.0,0.0,0.0,0.0,0.0,0.0,0.0,0.0,0.0,0.0,0.0,0.01751006828926633,0.0,0.42024163894239186,0.0,0.0,0.0,0.0,0.0,0.0,0.42024163894239186,0.0,0.01751006828926633,0.0,0.22763088776046225,0.6653825949921205,0.0,0.0,0.0,0.01751006828926633,0.0,0.0,0.0
3,Gloomhaven,0.0,0.0,0.0,9.211873080859775,0.0,0.0,0.0,0.1023541453428864,0.0,0.0,0.0,0.0,0.0,0.0,0.0,0.0,0.0,0.0,0.0,0.0,0.0,0.0,0.0,0.1023541453428864,0.0,0.0,0.0,0.0,0.1023541453428864,0.0,0.0,0.0,0.0,0.0,0.0,0.0,0.0,0.0,0.0,0.0,0.0,0.0,0.0,0.0,0.0,0.0,0.0,0.0,0.0,0.0,0.0,0.0,0.0,0.0,0.0,0.0,0.0,0.0,0.0,0.0,0.0,0.0,0.0,1.0235414534288638,0.0,0.0,0.0,0.0,0.1023541453428864,0.0,0.0,0.0,0.0,0.0,0.1023541453428864,0.0,0.0,0.0,0.0,0.0,0.2047082906857728,0.0,0.0,0.0,0.0,0.0,0.1023541453428864,0.0,0.1023541453428864,0.0,0.0,2.661207778915046,0.1023541453428864,0.0,0.0,0.0,0.0,0.0,0.0,0.0
4,Star Wars: Rebellion,0.0,0.0,1.4154281670205238,0.0,1.6277423920736023,0.07077140835102619,0.0,0.0,0.0,0.0,0.0,0.0,0.0,0.0,0.0,0.0,0.14154281670205238,0.0,0.0,0.0,0.07077140835102619,0.0,0.0,0.21231422505307856,0.0,0.0,0.0,0.0,0.0,0.0,0.0,0.0,0.0,0.0,0.0,0.0,0.0,0.0,0.0,0.0,0.0,0.0,0.0,0.0,0.0,0.0,0.0,0.0,0.0,0.0,0.0,0.0,0.0,0.21231422505307856,0.0,0.0,0.0,0.0,0.0,0.0,0.0,0.0,0.0,0.0,0.0,0.0,0.0,0.0,0.0,0.0,0.0,0.0,0.0,0.0,0.0,0.0,0.0,0.0,0.0,0.35385704175513094,0.14154281670205238,0.0,0.0,0.0,0.0,0.0,0.0,0.0,0.0,0.0,0.0,0.8492569002123143,0.07077140835102619,0.0,0.0,0.0,0.0,0.0,0.0,0.0
5,Terra Mystica,0.0,0.0,0.08779631255487269,0.0,0.0,6.760316066725197,0.029265437518290898,0.35118525021949076,0.0,0.0,0.0,0.6731050629206906,0.0,0.0,0.9072285630670178,0.029265437518290898,0.0,0.0,0.0,0.0,0.0,0.0,0.2633889376646181,1.404741000877963,0.0,0.0,0.0,0.0,0.0,0.0,0.08779631255487269,0.0,0.029265437518290898,0.0,0.0,0.0,0.11706175007316359,0.08779631255487269,0.0,0.2633889376646181,0.0,0.0,0.11706175007316359,0.058530875036581796,0.46824700029265437,0.0,0.0,0.0,0.0,0.029265437518290898,0.0,0.0,0.0,0.0,0.0,0.0,0.0,0.11706175007316359,0.0,0.08779631255487269,0.3219198127011999,0.0,0.029265437518290898,0.08779631255487269,0.0,0.0,0.0,0.0,0.029265437518290898,0.0,0.0,0.029265437518290898,0.0,0.43898156277436345,0.0,0.0,0.0,0.029265437518290898,0.0,0.0,0.4975124378109453,0.0,0.0,0.0,0.0,0.0,0.029265437518290898,0.0,0.029265437518290898,0.0,0.0,0.9364940005853087,0.08779631255487269,0.0,0.0,0.0,0.08779631255487269,0.9364940005853087,0.0,0.0
6,Terraforming Mars,0.047058823529411764,0.0,0.1411764705882353,0.047058823529411764,0.0,0.5176470588235295,6.070588235294117,0.9882352941176471,0.0,0.047058823529411764,0.0,0.1411764705882353,0.0,0.5176470588235295,0.6588235294117647,0.0,0.047058823529411764,0.0,0.0,0.0,0.0,0.0,0.0,0.0,0.0,0.047058823529411764,0.0,0.0,0.0,0.0,0.09411764705882353,0.0,0.0,0.047058823529411764,0.0,0.0,0.18823529411764706,0.0,0.0,0.0,0.0,0.0,4.094117647058823,0.0,0.1411764705882353,0.047058823529411764,0.047058823529411764,0.0,0.18823529411764706,0.0,0.0,0.0,0.0,0.0,0.0,0.09411764705882353,0.0,0.1411764705882353,0.0,0.0,0.0,0.0,0.0,0.18823529411764706,0.0,0.0,0.0,0.0,0.0,0.0,0.0,0.0,0.0,0.0,0.0,0.0,0.0,0.047058823529411764,0.0,0.047058823529411764,1.223529411764706,0.18823529411764706,0.0,0.0,0.0,0.047058823529411764,0.047058823529411764,0.0,0.047058823529411764,0.0,0.0,1.5529411764705883,0.0,0.0,0.0,0.09411764705882353,0.0,0.047058823529411764,0.0,0.0
7,Scythe,0.0,0.0,0.03553660270078181,0.0,0.0,3.411513859275053,0.17768301350390903,10.021321961620469,0.0,0.03553660270078181,0.0,0.07107320540156362,0.0,0.0,0.39090262970859985,0.0,0.39090262970859985,0.0,0.0,0.0,0.0,0.03553660270078181,0.10660980810234541,1.812366737739872,0.0,0.03553660270078181,0.0,0.0,0.17768301350390903,0.0,0.0,0.0,0.0,0.03553660270078181,0.0,0.0,0.03553660270078181,0.03553660270078181,0.0,0.07107320540156362,0.0,0.0,0.03553660270078181,0.07107320540156362,0.10660980810234541,0.0,0.03553660270078181,0.0,0.03553660270078181,0.07107320540156362,0.0,0.0,0.0,0.0,0.0,0.0,0.0,0.03553660270078181,0.0,0.0,0.0,0.03553660270078181,0.0,0.10660980810234541,0.0,0.0,0.0,0.0,0.7818052594171997,0.07107320540156362,0.0,0.0,0.0,0.0,0.03553660270078181,0.0,0.0,0.0,0.0,0.07107320540156362,2.025586353944563,0.0,0.0,0.0,0.0,0.07107320540156362,0.07107320540156362,0.0,0.07107320540156362,0.0,0.0,1.6702203269367448,0.6751954513148543,0.0,0.0,0.0,0.03553660270078181,0.24875621890547264,0.0,0.0
8,7 Wonders Duel,0.0,0.0,0.0328515111695138,0.0,0.0,0.0,0.0,0.0,1.773981603153745,0.0,0.0,0.0,0.0,0.0,0.09855453350854139,0.0,0.0,0.0,0.0,0.0,0.0,0.0,0.0,0.0,0.0,0.0,0.0,0.0,0.0,0.0,0.0328515111695138,0.0,0.0,0.0,0.0,0.0,25.985545335085416,0.0,0.0328515111695138,0.0,0.0,0.0,0.09855453350854139,0.0,0.0,0.39421813403416556,0.0,0.0,0.0,0.0,0.0,0.0,0.0,0.0,0.0,0.0,0.0,0.0,0.0,0.0,0.0,0.0,0.0,0.0,0.0,0.0,0.0,0.0,0.0,0.0,0.0,0.0328515111695138,0.0,0.0,0.0,0.0,0.0,0.0,0.0657030223390276,0.0,0.0657030223390276,0.0,0.0,0.0,0.0,0.0,0.0,0.0,0.0,0.0,0.0,0.164257555847569,0.0,0.0,0.1314060446780552,0.0,0.0,0.0,0.328515111695138,0.0
9,The Castles of Burgundy,0.0,0.0,0.0,0.0,0.0,0.0689496667432774,0.0,0.0,0.0,1.2181107791312342,0.0,0.7814295564238106,0.0,0.022983222247759137,0.689496667432774,0.0,0.0,0.0,0.0,0.0,0.0,0.0,0.0,0.0,0.0,0.0,0.0,0.0,0.0689496667432774,0.0,0.0689496667432774,0.0,0.0,0.0,0.0,0.022983222247759137,0.0689496667432774,0.09193288899103655,0.0,0.11491611123879568,0.0,0.0,0.20684900022983221,0.0689496667432774,0.0,0.045966444495518274,0.022983222247759137,0.0,0.0689496667432774,0.022983222247759137,0.0,0.0,0.0,0.0,0.0,0.0,0.0,0.16088255573431395,0.0,0.0,1.2181107791312342,0.0,0.8273960009193289,0.0,0.0,0.0,0.0,0.0,0.0,0.0,0.0,0.16088255573431395,0.0,0.0,0.0,0.0,0.0,0.0689496667432774,0.022983222247759137,0.0,0.3677315559641462,0.22983222247759136,0.0,0.0,0.0,0.0,0.0,0.0,0.0,0.0,0.0,0.8044127786715698,0.022983222247759137,0.0,0.0,0.0,0.0,0.0689496667432774,0.0,0.0
10,Caverna: The Cave Farmers,0.0,0.0,0.0,0.0,0.0,0.3189792663476874,0.0,0.0,0.0,0.0,0.27910685805422647,0.23923444976076555,0.0,0.0,48.72408293460925,0.0,0.0,0.0,0.0,0.0,0.0,0.0,0.0,0.07974481658692185,0.0,0.0,0.0,0.0,0.11961722488038277,0.0,1.8740031897926634,0.0,0.0,0.23923444976076555,0.0,0.0,0.03987240829346093,0.0,0.0,0.07974481658692185,0.0,0.0,0.0,0.07974481658692185,0.0,0.0,0.0,0.0,0.0,0.03987240829346093,0.0,0.0,0.43859649122807015,0.0,0.0,0.0,0.0,0.03987240829346093,0.0,0.1594896331738437,0.0,0.0,0.0,0.0,0.0,0.0,0.0,0.03987240829346093,0.0,0.0,0.0,0.11961722488038277,0.0,0.0,0.0,0.0,0.0,1.1164274322169059,0.0,0.0,0.4784688995215311,0.0,0.0,0.0,0.0,0.0,0.0,0.0,0.0,0.0,0.0,0.6778309409888357,0.03987240829346093,0.0,0.0,0.0,0.03987240829346093,0.0,0.0,0.0
11,Puerto Rico,0.0,0.0,0.06464820601228316,0.0,0.0,0.0,0.0,0.0,0.0,0.010774701002047193,0.0,7.509966598426893,0.0,0.0,1.723952160327551,0.0,0.0,0.0,0.0,0.0,0.0,0.0,0.3124663290593686,0.043098804008188774,0.0,0.0,0.0,0.0,0.010774701002047193,0.0,0.12929641202456632,0.0,0.0,0.010774701002047193,0.0,0.0,0.010774701002047193,0.010774701002047193,0.0,0.7219049671371619,0.0,0.0,1.002047193190389,0.0,0.0,0.0,0.0,0.0,0.03232410300614158,0.1723952160327551,0.0,0.0,0.0,0.010774701002047193,0.0,0.0,0.0,0.12929641202456632,0.0,0.0,0.010774701002047193,0.043098804008188774,0.010774701002047193,0.021549402004094387,0.0,0.0,0.0,0.0,0.0,0.0,0.0,0.10774701002047193,0.0,0.0,0.0,0.0,0.0,0.010774701002047193,0.0,0.0,0.10774701002047193,0.0,0.0,0.0,0.0,0.0,0.010774701002047193,0.021549402004094387,0.03232410300614158,0.0,0.0,0.3124663290593686,0.05387350501023597,0.0,0.0,0.0,0.043098804008188774,0.021549402004094387,0.0,0.0
12,War of the Ring (Second Edition),0.0,0.0,0.8048289738430584,0.0,0.1006036217303823,0.0,0.0,0.0,0.0,0.0,0.0,0.0,0.0,0.0,0.0,0.0,0.1006036217303823,0.0,0.0,0.0,0.0,0.0,0.0,0.1006036217303823,0.0,0.0,0.0,0.0,0.0,0.0,0.0,0.0,0.0,0.0,0.0,0.0,0.0,0.0,0.0,0.1006036217303823,0.0,0.0,0.0,0.0,0.0,0.0,0.0,0.0,0.0,0.0,0.0,0.0,0.0,0.0,0.0,0.0,0.0,0.0,0.0,0.0,0.0,0.1006036217303823,0.0,0.0,0.0,0.0,0.0,0.0,0.1006036217303823,0.0,0.0,0.0,0.0,0.0,0.0,0.0,0.0,0.1006036217303823,0.0,0.0,0.6036217303822937,0.0,0.0,0.0,0.0,0.0,0.0,0.0,0.0,0.0,0.0,0.704225352112676,0.1006036217303823,0.0,0.0,0.0,0.0,0.0,0.0,0.0
13,Great Western Trail,0.0,0.0,0.0,0.0,0.0,0.5387931034482759,1.0775862068965518,0.8620689655172413,0.0,0.0,0.0,0.43103448275862066,0.0,4.741379310344827,0.646551724137931,0.0,0.0,0.0,0.0,0.0,0.0,0.0,0.21551724137931033,0.21551724137931033,0.0,0.0,0.0,0.0,0.0,0.0,0.0,0.0,0.0,0.10775862068965517,0.0,0.0,0.0,0.0,0.0,3.125,0.0,0.0,0.10775862068965517,0.0,0.0,0.0,0.0,0.0,0.0,0.0,0.0,0.0,0.0,0.0,0.0,7.112068965517241,0.0,1.1853448275862069,0.0,1.831896551724138,0.0,0.0,0.10775862068965517,0.0,0.0,0.0,0.0,0.0,0.0,0.0,0.0,0.0,0.0,0.0,0.0,0.0,0.0,0.0,0.0,0.0,0.7543103448275862,0.0,0.0,0.0,0.0,0.0,0.21551724137931033,0.0,0.0,0.0,0.0,1.4008620689655173,0.10775862068965517,0.0,0.0,0.0,0.0,0.9698275862068966,0.0,0.0
14,Agricola,0.0,0.0,0.10399334442595674,0.0,0.0,0.05199667221297837,0.010399334442595673,0.0,0.0,0.0,0.03119800332778702,2.485440931780366,0.0,0.0,11.543261231281198,0.0,0.0,0.0,0.0,0.0,0.0,0.0,0.22878535773710482,0.04159733777038269,0.0,0.0,0.0,0.0,0.0,0.0,1.7782861896838602,0.0,0.0,0.03119800332778702,0.0,0.0,0.04159733777038269,0.04159733777038269,0.0,2.4958402662229617,0.0,0.0,0.1975873544093178,0.12479201331114809,0.04159733777038269,0.0,0.0,0.0,0.0,0.09359400998336107,0.0,0.0,0.12479201331114809,0.0,0.0,0.0,0.0,0.2703826955074875,0.0,0.0,0.010399334442595673,0.0,0.010399334442595673,0.06239600665557404,0.0,0.010399334442595673,0.0,0.0,0.0,0.0,0.0,0.5927620632279534,0.0,0.0,0.0,0.0,0.0,0.1975873544093178,0.0,0.0,0.9983361064891847,0.0,0.0,0.0,0.0,0.0,0.0,0.010399334442595673,0.07279534109816972,0.0,0.0,0.9255407653910149,0.10399334442595674,0.0,0.0,0.05199667221297837,0.07279534109816972,0.010399334442595673,0.010399334442595673,0.0
15,Mage Knight Board Game,0.0,0.0,0.11716461628588166,0.1757469244288225,0.0,0.0,0.0,0.029291154071470416,0.0,0.0,0.0,0.029291154071470416,0.0,0.0,0.1757469244288225,0.351493848857645,0.0,0.0,0.0,0.0,0.0,0.0,0.0,0.2050380785002929,0.0,0.0,0.0,0.0,0.0,0.0,0.08787346221441125,0.0,0.0,0.0,0.0,0.0,0.029291154071470416,0.0,0.0,0.0,0.0,0.05858230814294083,0.0,0.0,0.0,0.0,0.0,0.0,0.0,0.0,0.0,0.0,0.0,0.0,0.0,0.0,0.0,0.6736965436438196,0.0,0.0,0.0,0.0,0.05858230814294083,0.0,0.0,0.0,0.0,0.0,0.0,0.0,0.0,0.0,0.0,0.0,0.029291154071470416,0.0,0.0,0.0,0.0,0.0,0.4100761570005858,0.0,0.0,0.0,0.0,0.029291154071470416,0.0,0.0,0.0,0.0,0.0,0.8201523140011716,0.08787346221441125,0.0,0.0,0.0,0.0,0.0,0.05858230814294083,0.0
16,Blood Rage,0.0,0.0,0.0,0.0,0.0,0.046104195481788846,0.0,0.5071461502996772,0.0,0.0,0.0,0.0,0.0,0.0,0.046104195481788846,0.0,7.376671277086215,0.0,0.0,0.0,0.0,0.0,0.0,0.0,0.0,0.0,0.0,0.0,0.0,0.0,0.0,0.0,0.0,0.0,0.0,0.0,0.8298755186721992,0.0,0.0,0.0,0.0,0.046104195481788846,0.046104195481788846,0.046104195481788846,0.0,0.0,0.046104195481788846,0.0,0.0,0.5532503457814661,0.0,0.0,0.0,0.0,0.0,0.0,0.0,0.046104195481788846,0.0,0.0,0.0,0.0,0.0,0.09220839096357769,0.0,0.0,0.0,0.0,1.7058552328261871,0.0,0.0,0.0,0.0,0.0,0.09220839096357769,0.0,0.0,0.0,0.0,0.046104195481788846,0.5532503457814661,0.046104195481788846,0.0,0.0,0.0,3.872752420470263,0.0,0.0,0.6454587367450438,0.0,0.0,0.8298755186721992,0.2766251728907331,0.0,0.0,0.0,0.0,0.046104195481788846,0.0,0.0
17,Through the Ages: A Story of Civilization,0.0,0.09612303748798462,0.28836911246395386,0.0,0.0,0.03204101249599487,0.0,0.0,0.0,0.0,0.0,0.28836911246395386,0.03204101249599487,0.0,0.768984299903877,0.0,0.0,0.09612303748798462,0.0,0.0,0.0,0.0,0.16020506247997437,0.25632809996795897,0.0,0.0,0.0,0.0,0.0,0.0,0.32041012495994875,0.0,0.0,0.0,0.0,0.0,0.19224607497596924,0.0,0.0,0.19224607497596924,0.0,0.0,0.19224607497596924,0.0,0.09612303748798462,0.0,0.0,0.0,0.0,0.03204101249599487,0.0,0.0,0.0,0.0,0.0,0.0,0.0,0.06408202499198974,0.0,0.0,0.0,0.0,0.03204101249599487,0.03204101249599487,0.0,0.0,0.0,0.0,0.0,0.0,0.0,0.06408202499198974,0.0,0.0,0.0,0.0,0.0,0.0,0.0,0.0,2.306952899711631,0.0,0.0,0.0,0.0,0.0,0.0,0.0,0.0,0.0,0.0,0.28836911246395386,0.09612303748798462,0.0,0.0,0.0,0.06408202499198974,0.03204101249599487,0.0,0.0
18,Arkham Horror: The Card Game,0.0,0.0,0.10309278350515463,0.20618556701030927,0.0,0.10309278350515463,0.0,0.0,0.0,0.0,0.0,0.0,0.0,0.0,0.10309278350515463,0.0,0.0,0.0,0.5154639175257731,0.0,0.0,0.0,0.0,0.0,0.0,0.0,0.0,0.0,0.0,0.0,0.0,0.10309278350515463,0.0,0.0,0.10309278350515463,0.0,0.0,0.0,0.0,0.0,0.0,2.6804123711340204,0.10309278350515463,0.0,0.0,0.0,0.0,0.0,0.0,0.0,0.0,0.0,0.0,0.0,0.0,0.0,0.0,0.0,0.0,0.0,0.0,0.0,0.0,0.10309278350515463,0.0,0.0,0.0,0.0,0.0,0.0,0.0,0.0,0.0,0.0,0.0,0.0,0.0,0.0,0.0,0.0,0.6185567010309279,0.0,0.0,0.0,0.0,0.0,0.0,0.0,0.0,0.0,0.0,0.30927835051546393,0.0,0.20618556701030927,0.0,0.0,0.0,0.0,0.0,0.0
19,Mansions of Madness: Second Edition,0.0,0.0,0.0,0.29880478087649404,0.0,0.0,0.0,0.0,0.0,0.0,0.0,0.0,0.0,0.0,0.0,0.0,0.0,0.0,0.099601593625498,0.49800796812749004,0.0,0.0,0.0,0.0,0.0,0.0,0.0,0.0,0.0,0.0,0.0,0.0,0.0,0.0,0.099601593625498,0.0,0.0,0.0,0.0,0.0,0.0,2.7888446215139444,0.0,0.0,0.0,0.0,0.0,0.0,0.0,0.0,0.0,0.0,0.0,0.0,0.0,0.0,0.0,0.0,0.0,0.0,0.0,0.0,0.0,0.398406374501992,0.0,0.0,0.0,0.0,0.0,0.0,0.0,0.0,0.0,0.099601593625498,0.099601593625498,0.0,0.0,0.0,0.0,0.0,0.199203187250996,0.0,0.0,0.0,0.0,0.0,0.0,0.0,0.0,0.0,0.0,0.49800796812749004,0.29880478087649404,0.0,0.0,0.0,0.0,0.0,0.0,0.0
20,Star Wars: Imperial Assault,0.0,0.0,0.0,0.13689253935660506,0.0,0.0,0.0,0.06844626967830253,0.0,0.0,0.0,0.0,0.0,0.0,0.0,0.0,0.06844626967830253,0.0,0.0,0.0,0.8213552361396304,0.0,0.0,0.06844626967830253,0.0,0.0,0.0,0.0,0.0,0.0,0.0,0.0,0.0,0.0,0.0,0.0,0.0,0.0,0.0,0.0,0.0,0.06844626967830253,0.0,0.0,0.0,0.0,0.0,0.0,0.0,0.0,0.0,0.0,0.0,0.0,0.0,0.0,0.0,0.06844626967830253,0.0,0.0,0.0,0.0,0.0,0.06844626967830253,0.0,0.0,0.06844626967830253,0.0,0.06844626967830253,0.0,0.0,0.0,0.0,0.0,0.0,0.0,0.0,0.0,0.0,0.0,0.2053388090349076,0.0,0.0,0.0,0.0,0.0,0.0,0.0,0.0,0.0,0.0,1.163586584531143,0.06844626967830253,0.0,0.0,0.0,0.0,0.0,0.0,0.06844626967830253
21,Mechs vs. Minions,0.0,0.0,0.0,0.23228803716608595,0.0,0.0,0.0,0.23228803716608595,0.0,0.0,0.0,0.0,0.0,0.0,0.0,0.0,0.0,0.0,0.0,0.0,0.0,1.1614401858304297,0.0,0.0,0.0,0.0,0.0,0.0,0.0,0.0,0.0,0.0,0.0,0.0,0.0,0.0,0.0,0.0,0.0,0.0,0.0,0.0,0.0,0.0,0.0,0.0,0.0,0.0,0.0,0.0,0.0,0.0,0.0,0.0,0.0,0.0,0.0,0.0,0.0,0.0,0.0,0.0,0.0,0.6968641114982579,0.0,0.0,0.0,0.0,0.0,0.0,0.0,0.0,0.0,0.0,0.0,0.0,0.0,0.0,0.0,0.0,0.11614401858304298,0.0,0.0,0.0,0.0,0.0,0.0,0.0,0.0,0.0,0.0,0.9291521486643438,0.23228803716608595,0.0,0.0,0.0,0.0,0.0,0.0,0.0
22,Power Grid,0.0,0.0,0.012815583749839805,0.0,0.0,0.02563116749967961,0.0,0.0,0.0,0.012815583749839805,0.0,0.6279636037421504,0.0,0.0,0.39728309624503394,0.0,0.0,0.0,0.0,0.0,0.0,0.0,7.25362040240933,0.03844675124951941,0.0,0.0,0.0,0.0,0.02563116749967961,0.0,0.02563116749967961,0.0,0.0,0.0,0.0,0.0,0.02563116749967961,0.012815583749839805,0.0,0.11534025374855825,0.0,0.0,0.012815583749839805,0.0,0.02563116749967961,0.012815583749839805,0.0,0.0,0.0,0.05126233499935922,0.0,0.0,0.0,0.0,0.0,0.0,0.0,0.07689350249903883,0.0,0.0,0.0,0.012815583749839805,0.0,0.06407791874919902,0.0,0.012815583749839805,0.0,0.0,0.0,0.0,0.0,0.02563116749967961,0.0,0.0,0.0,0.0,0.0,0.0,0.0,0.0,0.14097142124823786,0.0,0.0,0.02563116749967961,0.0,0.0,0.0,0.0,0.012815583749839805,0.0,0.0,0.2434960912469563,0.6151480199923106,0.0,0.0,0.012815583749839805,0.41009867999487376,0.0,0.0,0.0
23,Eclipse,0.0,0.0,0.11730205278592376,0.0,0.0,0.3225806451612903,0.0,0.17595307917888564,0.02932551319648094,0.0,0.0,0.23460410557184752,0.0,0.0,0.5865102639296188,0.0,0.0,0.02932551319648094,0.0,0.0,0.0,0.0,0.08797653958944282,11.378299120234605,0.0,0.0,0.0,0.0,0.0,0.0,0.02932551319648094,0.0,0.0,0.0,0.0,0.02932551319648094,0.05865102639296188,0.0,0.0,0.11730205278592376,0.0,0.0,0.20527859237536658,0.0,0.11730205278592376,0.02932551319648094,0.02932551319648094,0.0,0.0,0.0,0.0,0.0,0.0,0.0,0.0,0.0,0.0,0.05865102639296188,0.0,0.0,0.0,0.0,0.0,0.0,0.0,0.0,0.0,0.0,0.08797653958944282,0.0,0.0,0.02932551319648094,0.0,0.0,0.0,0.0,0.0,0.0,0.05865102639296188,0.11730205278592376,0.11730205278592376,0.0,0.0,0.0,0.0,0.0,0.0,0.0,0.08797653958944282,0.0,0.0,0.3812316715542522,0.17595307917888564,0.0,0.02932551319648094,0.0,0.0,0.17595307917888564,0.0,0.0
24,Orléans,0.0,0.0,0.0,0.0,0.0,0.23961661341853036,0.0,0.07987220447284345,0.0,0.0,0.0,0.23961661341853036,0.0,0.0,0.4792332268370607,0.0,0.0,0.0,0.0,0.0,0.0,0.0,0.0,0.07987220447284345,3.1150159744408947,0.0,0.0,0.0,0.5591054313099042,0.0,0.23961661341853036,0.0,0.0,0.0,0.0,0.0,0.0,0.07987220447284345,0.0,0.07987220447284345,0.0,0.0,0.07987220447284345,0.07987220447284345,0.0,0.0,0.23961661341853036,0.0,0.23961661341853036,0.07987220447284345,0.0,0.0,0.0,0.0,0.0,0.07987220447284345,0.0,2.1565495207667733,0.0,0.07987220447284345,0.07987220447284345,0.0,0.07987220447284345,0.0,0.0,0.0,0.0,0.07987220447284345,0.0,0.0,0.0,0.07987220447284345,0.0,0.0,0.0,0.0,0.0,0.0,0.07987220447284345,0.0,1.038338658146965,0.07987220447284345,0.0,0.0,0.0,0.0,0.07987220447284345,0.0,0.0,0.0,0.0,0.7987220447284346,0.0,0.0,0.0,0.0,0.0,0.3993610223642173,0.0,0.0
25,Food Chain Magnate,0.0,0.0,0.10416666666666667,0.0,0.0,0.4166666666666667,0.0,0.10416666666666667,0.0,0.0,0.0,0.0,0.0,0.0,0.4166666666666667,0.0,0.0,0.0,0.0,0.0,0.0,0.0,0.5208333333333334,0.0,0.0,3.3333333333333335,0.0,0.0,0.0,0.0,0.0,0.0,0.0,0.0,0.0,0.0,0.0,0.10416666666666667,0.0,0.10416666666666667,0.0,0.0,0.0,0.0,0.3125,0.0,0.0,0.0,0.0,0.0,0.0,0.0,0.0,0.0,0.0,0.10416666666666667,0.0,0.5208333333333334,0.0,0.0,0.10416666666666667,0.0,0.0,0.10416666666666667,0.0,0.0,0.0,0.0,0.10416666666666667,0.10416666666666667,0.0,0.0,0.0,0.0,0.0,0.0,0.0,0.0,0.0,0.0,0.5208333333333334,0.0,0.0,0.0,0.0,0.0,0.0,0.0,0.0,0.0,0.0,0.8333333333333334,0.3125,0.0,0.0,0.0,0.0,0.0,0.0,0.0
26,Robinson Crusoe: Adventures on the Cursed Island,0.0,0.0,0.0,0.0,0.0,0.0,0.0,0.03575259206292456,0.0,0.0,0.0,0.03575259206292456,0.0,0.0,0.5362888809438684,0.03575259206292456,0.0,0.0,0.0,0.0,0.0,0.0,0.0,0.0,0.0,0.0,0.1787629603146228,0.0,0.0,0.0,0.0,0.0,0.0,0.0,0.0,0.0,0.0,0.0,0.0,0.0,0.0,0.3575259206292456,0.03575259206292456,0.03575259206292456,0.03575259206292456,0.0,0.0,0.0,0.0,0.0,0.0,0.0,0.0,0.14301036825169824,0.0,0.0,0.0,0.0,0.0,0.0,0.07150518412584912,0.0,0.0,2.3239184840900964,0.0,0.0,0.0,0.0,0.03575259206292456,0.0,0.0,0.07150518412584912,0.0,0.0,0.0,0.0,0.0,0.0,0.0,0.0,0.14301036825169824,0.0,0.0,0.0,0.0,0.0,0.0,0.0,0.0,0.0,0.0,1.5016088666428316,0.03575259206292456,0.0,0.0,0.0,0.0,0.03575259206292456,0.0,0.0
27,Viticulture Essential Edition,0.0,0.0,0.0,0.0,0.0,0.11235955056179775,0.0,0.449438202247191,0.0,0.0,0.0,0.11235955056179775,0.0,0.0,1.1235955056179776,0.0,0.0,0.0,0.0,0.0,0.0,0.0,0.0,0.0,0.11235955056179775,0.0,0.0,0.449438202247191,0.11235955056179775,0.0,0.0,0.0,0.0,0.0,0.0,0.0,0.11235955056179775,0.0,0.0,0.2247191011235955,0.0,0.0,0.0,1.2359550561797752,0.0,0.0,0.0,0.0,0.0,0.2247191011235955,0.0,0.0,0.0,0.0,0.0,0.0,0.0,0.0,0.0,0.0,0.11235955056179775,0.0,0.0,0.0,0.0,0.0,0.0,0.11235955056179775,0.0,0.0,0.0,0.6741573033707865,0.0,0.0,0.0,0.0,0.0,0.0,0.0,0.0,0.0,0.0,0.0,0.0,0.0,0.0,0.0,0.0,0.0,0.0,0.0,0.33707865168539325,0.11235955056179775,0.0,0.0,0.0,0.0,0.0,0.11235955056179775,0.0
28,Concordia,0.0,0.0,0.05361930294906166,0.0,0.0,0.16085790884718498,0.05361930294906166,0.0,0.0,0.0,0.0,0.3753351206434316,0.0,0.0,0.16085790884718498,0.0,0.0,0.0,0.0,0.0,0.0,0.0,0.8042895442359249,0.0,0.0,0.0,0.0,0.0,9.812332439678285,0.0,0.0,0.0,0.0,0.05361930294906166,0.0,0.0,0.05361930294906166,0.0,0.05361930294906166,0.05361930294906166,0.0,0.0,0.0,0.0,0.0,0.0,0.05361930294906166,0.0,0.0,0.0,0.0,0.0,0.0,0.0,0.0,0.0,0.0,0.2680965147453083,0.0,0.0,0.16085790884718498,0.05361930294906166,0.0,0.0,0.0,0.0,0.0,0.0,0.0,0.0,0.0,0.5361930294906166,0.0,0.0,0.0,0.0,0.0,0.0,0.0,0.0,0.4289544235924933,0.0,0.0,0.0,0.0,0.0,0.3753351206434316,0.0,0.0,0.0,0.0,1.0187667560321716,0.05361930294906166,0.0,0.0,0.0,0.0,0.16085790884718498,0.0,0.0
29,Brass: Lancashire,0.0,0.0,0.09041591320072333,0.0,0.0,0.045207956600361664,0.0,0.0,0.0,0.0,0.0,0.4972875226039783,0.0,0.0,0.4972875226039783,0.0,0.0,0.0,0.0,0.0,0.0,0.0,1.2206148282097649,0.0,0.0,0.045207956600361664,0.0,0.0,0.0,0.0,0.18083182640144665,0.0,0.0,0.0,0.0,0.0,0.0,0.0,0.0,0.40687160940325495,0.0,0.0,0.045207956600361664,0.0,0.0,0.0,0.0,0.0,0.0,0.0,0.0,0.0,0.0,0.0,0.0,0.0,0.0,0.0,0.0,0.0,0.0,0.045207956600361664,0.0,0.0,0.0,0.0,0.0,0.0,0.0,0.045207956600361664,0.0,0.0,0.0,0.0,0.0,0.0,0.0,0.0,0.0,0.0,0.045207956600361664,0.0,0.0,0.09041591320072333,0.0,0.0,0.0,0.0,0.0,0.0,0.0,0.40687160940325495,4.837251356238698,0.0,0.0,0.045207956600361664,3.752260397830018,0.09041591320072333,0.0,0.0
30,Le Havre,0.0,0.0,0.0,0.0,0.0,0.028661507595299514,0.0,0.0,0.0,0.0,0.028661507595299514,1.4903983949555746,0.0,0.0,27.62969332186873,0.0,0.0,0.0,0.0,0.0,0.0,0.0,0.34393809114359414,0.05732301519059903,0.0,0.0,0.0,0.0,0.0,0.0,11.23531097735741,0.0,0.0,0.05732301519059903,0.0,0.0,0.0,0.0,0.0,3.7259959873889366,0.0,0.0,0.17196904557179707,0.028661507595299514,0.0,0.0,0.0,0.0,0.0,0.05732301519059903,0.0,0.0,0.11464603038119806,0.028661507595299514,0.0,0.0,0.0,0.14330753797649756,0.0,0.0,0.0,0.028661507595299514,0.0,0.0,0.0,0.0,0.0,0.0,0.0,0.0,0.0,0.17196904557179707,0.0,0.0,0.0,0.0,0.0,1.1464603038119805,0.0,0.0,0.34393809114359414,0.0,0.0,0.0,0.0,0.0,0.0,0.0,0.0,0.0,0.0,0.945829750644884,0.028661507595299514,0.0,0.0,0.028661507595299514,0.028661507595299514,0.0,0.0,0.0
31,Android: Netrunner,0.0,0.0,0.08472182999152782,0.0,0.0,0.0,0.0,0.0,0.0,0.0,0.0,0.0,0.0,0.0,0.08472182999152782,0.0,0.0,0.0,0.0,0.0,0.0,0.0,0.02824060999717594,0.11296243998870376,0.0,0.0,0.0,0.0,0.0,0.0,0.0,1.4967523298503247,0.0,0.0,0.0,0.0,0.02824060999717594,0.0,0.0,0.0,0.0,0.0,0.1976842699802316,0.0,0.0,0.0,0.0,0.0,0.0,0.0,0.0,0.0,0.0,0.0,0.0,0.0,0.0,0.31064670996893534,0.0,0.0,0.0,0.0,0.0,0.05648121999435188,0.0,0.0,0.0,0.0,0.0,0.0,0.0,0.0,0.0,0.0,0.0,0.0,0.0,0.0,0.05648121999435188,0.0,0.451849759954815,0.0,0.0,0.02824060999717594,0.0,0.02824060999717594,0.0,0.0,0.08472182999152782,0.0,0.0,0.6777746399322225,0.05648121999435188,0.02824060999717594,0.0,0.0,0.0,0.0,0.0,0.0
32,Tzolk'in: The Mayan Calendar,0.0,0.0,0.04061738424045491,0.0,0.0,0.5686433793663688,0.0,0.0,0.0,0.0,0.0,0.3655564581640942,0.0,0.0,2.6401299756295695,0.0,0.0,0.0,0.0,0.0,0.0,0.0,0.08123476848090982,0.08123476848090982,0.0,0.0,0.0,0.0,0.0,0.0,0.3249390739236393,0.0,0.8529650690495532,0.0,0.0,0.0,0.12185215272136475,0.16246953696181965,0.0,2.0308692120227456,0.0,0.0,0.0,0.16246953696181965,0.0,0.0,0.0,0.0,0.04061738424045491,0.0,0.0,0.0,0.0,0.0,0.0,0.0,0.0,0.04061738424045491,0.0,0.04061738424045491,0.7311129163281884,0.0,0.04061738424045491,0.0,0.0,0.0,0.0,0.0,0.0,0.0,0.0,1.2591389114541023,0.0,0.0,0.0,0.0,0.0,0.2437043054427295,0.0,0.0,0.3249390739236393,0.04061738424045491,0.0,0.0,0.0,0.0,0.0,0.0,0.0,0.0,0.0,0.6498781478472786,0.08123476848090982,0.0,0.0,0.0,0.0,0.08123476848090982,0.0,0.0
33,A Feast for Odin,0.0,0.0,0.0,0.0,0.0,0.2770083102493075,0.0,0.13850415512465375,0.0,0.0,0.0,0.13850415512465375,0.0,0.0,13.573407202216066,0.0,0.0,0.0,0.0,0.0,0.0,0.0,0.0,0.13850415512465375,0.0,0.0,0.0,0.0,0.0,0.0,3.3240997229916895,0.0,0.0,5.2631578947368425,0.0,0.0,0.0,0.0,0.0,0.2770083102493075,0.0,0.0,0.13850415512465375,0.0,0.0,7.756232686980609,0.0,0.0,0.0,0.0,0.0,0.0,5.124653739612189,0.0,0.0,0.0,0.0,0.0,0.0,0.0,0.0,0.0,0.0,0.0,0.0,0.0,0.0,0.13850415512465375,0.0,0.0,0.0,0.4155124653739612,0.0,0.0,0.0,0.0,0.0,1.3850415512465375,0.0,0.0,0.554016620498615,0.0,0.0,0.0,0.0,0.0,0.0,0.0,0.0,0.0,0.0,1.2465373961218837,0.0,0.0,0.0,0.0,0.0,0.0,0.0,0.0
34,T.I.M.E Stories,0.0,0.0,0.0,0.06016847172081829,0.0,0.0,0.0,0.0,0.0,0.0,0.0,0.0,0.0,0.0,0.0,0.0,0.0,0.0,0.0,0.0,0.0,0.0,0.0,0.0,0.0,0.0,0.0,0.0,0.0,0.0,0.0,0.0,0.0,0.0,1.8050541516245486,0.06016847172081829,0.0,0.0,0.0,0.0,0.0,0.18050541516245489,0.0,0.0,0.0,0.0,0.0,0.0,0.0,0.0,0.0,0.0,0.0,0.0,0.0,0.0,0.0,0.0,0.0,0.0,0.0,0.0,0.0,1.3237063778580025,0.0,0.0,0.0,0.0,0.0,0.0,0.0,0.0,0.0,0.0,0.0,0.0,0.0,0.0,0.0,0.0,0.24067388688327315,0.0,0.0,0.0,0.0,0.0,0.0,0.0,0.0,0.0,0.0,0.4813477737665463,0.12033694344163658,0.0,0.0,0.0,0.06016847172081829,0.0,0.0,0.0
35,Codenames,0.0,0.0,0.0,0.0,0.0,0.0,0.0,0.0,0.0,0.0,0.0,0.0,0.0,0.0,0.023792529145848205,0.0,0.0,0.0,0.0,0.0,0.0,0.0,0.0,0.0,0.0,0.0,0.0,0.0,0.0,0.0,0.0,0.0,0.0,0.0,0.0,6.947418510587675,0.023792529145848205,0.0,0.0,0.0,0.0,0.0,0.0,0.0,0.0,0.0,0.0,0.0,0.0,0.0,0.0,0.0,0.0,0.0,0.0,0.0,0.0,0.023792529145848205,0.0,0.0,0.0,0.0,0.0,0.0,0.0,0.0,0.0,0.0,0.0,0.0,0.0,0.0,0.04758505829169641,0.0,0.0,0.0,0.0,0.0,0.023792529145848205,0.0,0.45205805377111585,0.0,0.0,0.0,0.0,0.0,0.0,0.0,0.0,0.0,0.0,0.11896264572924102,0.0,0.0,0.0,0.0,0.0,0.0,0.04758505829169641,0.0
36,7 Wonders,0.0,0.0,0.022844089091947458,0.0,0.0,0.0,0.0,0.0,0.29697315819531694,0.0,0.0,0.13706453455168474,0.0,0.0,0.2284408909194746,0.0,0.034266133637921185,0.0,0.0,0.0,0.0,0.0,0.034266133637921185,0.011422044545973729,0.0,0.0,0.0,0.0,0.011422044545973729,0.0,0.022844089091947458,0.0,0.0,0.0,0.0,0.011422044545973729,7.252998286693318,0.0,0.0,0.045688178183894916,0.0,0.011422044545973729,0.7310108509423187,0.0,0.0,0.0,0.0,0.0,0.011422044545973729,0.0,0.011422044545973729,0.0,0.0,0.0,0.0,0.0,0.0,1.4049114791547688,0.0,0.0,0.0,0.0,0.0,0.011422044545973729,0.0,0.0,0.0,0.0,0.0,0.0,0.0,0.0799543118218161,0.0,0.0,0.0,0.0,0.0,0.0,0.0,0.0,0.34266133637921187,0.022844089091947458,0.0,0.0,0.0,0.0,0.0,0.0,0.011422044545973729,0.0,0.0,0.2855511136493432,0.045688178183894916,0.0,0.011422044545973729,0.0,0.011422044545973729,0.0,0.022844089091947458,0.0
37,Keyflower,0.0,0.0,0.0,0.0,0.0,0.3146303093864709,0.0,0.0,0.0,0.0,0.0,0.1048767697954903,0.0,0.0,1.3109596224436288,0.0,0.0,0.0,0.0,0.0,0.0,0.0,0.15731515469323545,0.05243838489774515,0.0,0.0,0.0,0.0,0.05243838489774515,0.0,0.7341373885684321,0.05243838489774515,0.0,0.0,0.0,0.0,0.05243838489774515,11.221814368117462,0.0,0.36706869428421607,0.0,0.0,0.1048767697954903,0.1048767697954903,0.05243838489774515,0.0,0.0,0.0,0.0,0.0,0.0,0.0,0.0,0.0,0.0,0.0,0.0,0.0,0.0,0.0,0.0,0.0,0.15731515469323545,0.0,0.0,0.0,0.0,0.0,0.0,0.0,0.0,0.05243838489774515,0.0,0.0,0.0,0.0,0.0,0.36706869428421607,0.0,0.0,0.5243838489774515,0.26219192448872575,0.0,0.0,0.0,0.0,0.0,0.0,0.0,0.0,0.0,1.5731515469323545,0.1048767697954903,0.0,0.0,0.0,0.05243838489774515,0.0,0.0,0.0
38,The Voyages of Marco Polo,0.0,0.0,0.0,0.0,0.0,1.4903129657228018,0.0,0.0,0.0,0.22354694485842028,0.0,0.07451564828614009,0.0,0.22354694485842028,0.5216095380029806,0.0,0.0,0.0,0.0,0.0,0.0,0.0,0.0,0.07451564828614009,0.0,0.07451564828614009,0.0,0.0,0.07451564828614009,0.0,0.0,0.0,0.07451564828614009,0.0,0.0,0.0,0.0,0.07451564828614009,1.3412816691505216,0.14903129657228018,0.0,0.0,0.0,0.7451564828614009,0.0,0.0,0.0,0.0,0.0,0.0,0.0,0.0,0.0,0.0,0.0,0.07451564828614009,0.0,0.0,0.0,0.29806259314456035,0.07451564828614009,0.0,1.8628912071535022,0.0,0.0,0.0,0.0,0.0,0.07451564828614009,0.0,0.0,1.2667660208643816,0.0,0.0,0.0,0.0,0.0,0.0,0.0,0.0,0.9687034277198212,0.07451564828614009,0.0,0.0,0.0,0.0,0.07451564828614009,0.0,0.0,0.0,0.0,3.204172876304024,0.0,0.0,0.0,0.14903129657228018,0.0,0.37257824143070045,0.0,0.0
39,Caylus,0.0,0.0,0.04177982034677251,0.0,0.0,0.0,0.0,0.0,0.0,0.0,0.0,5.034468351786088,0.0,0.0,3.217046166701483,0.0,0.0,0.0,0.0,0.0,0.0,0.0,0.35512847294756633,0.04177982034677251,0.0,0.0,0.0,0.0,0.0,0.0,0.6684771255483601,0.0,0.0,0.0,0.0,0.0,0.0,0.04177982034677251,0.0,12.304157092124504,0.0,0.0,0.06266973052015877,0.3133486526007938,0.14622937121370377,0.0,0.020889910173386254,0.0,0.0,0.2715688322540213,0.0,0.0,0.0,0.0,0.0,0.0,0.0,0.08355964069354502,0.0,0.020889910173386254,0.0,0.020889910173386254,0.08355964069354502,0.0,0.0,0.0,0.0,0.0,0.0,0.0,0.0,0.5431376645080426,0.0,0.0,0.0,0.0,0.0,0.0,0.0,0.0,0.33423856277418007,0.0,0.0,0.0,0.0,0.0,0.0,0.0,0.0,0.0,0.0,1.148945059536244,0.16711928138709004,0.0,0.0,0.0,0.12533946104031754,0.020889910173386254,0.020889910173386254,0.0
40,Twilight Imperium (Third Edition),0.0,0.0,0.02978850163836759,0.0,0.02978850163836759,0.0,0.0,0.0,0.0,0.0,0.0,1.757521596663688,0.0,0.0,0.02978850163836759,0.0,0.02978850163836759,0.0,0.0,0.0,0.0,0.0,0.0,2.5022341376228776,0.0,0.0,0.0,0.0,0.0,0.0,0.02978850163836759,0.0,0.0,0.0,0.0,0.0,0.0,0.0,0.0,0.0,0.02978850163836759,0.02978850163836759,0.02978850163836759,0.0,0.02978850163836759,0.05957700327673518,0.0,0.0,0.0,0.0,0.0,0.0,0.0,0.14894250819183796,0.0,0.0,0.0,0.02978850163836759,0.0,0.0,0.0,0.0,0.0,0.0,0.0,0.0,0.0,0.0,0.0,0.0,0.0,0.0,0.0,0.0,0.0,0.02978850163836759,0.0,0.0,0.0,0.02978850163836759,0.23830801310694072,0.02978850163836759,0.0,0.0,0.0,0.02978850163836759,0.0,0.0,0.23830801310694072,0.0,0.0,0.9532320524277629,0.05957700327673518,0.0,0.0,0.0,0.0,0.0,0.02978850163836759,0.0
41,Eldritch Horror,0.0,0.0,0.0,0.0,0.0,0.0,0.0,0.0,0.0,0.0,0.0,0.0,0.0,0.0,0.0,0.0,0.0,0.0,0.04061738424045491,0.0,0.0,0.0,0.0,0.04061738424045491,0.0,0.0,0.0,0.0,0.0,0.0,0.0,0.0,0.0,0.0,0.0,0.0,0.0,0.0,0.0,0.0,0.0,5.361494719740048,0.0,0.0,0.0,0.0,0.0,0.0,0.0,0.0,0.0,0.0,0.0,0.08123476848090982,0.0,0.0,0.0,0.0,0.0,0.0,0.0,0.0,0.0,1.7465475223395612,0.0,0.0,0.0,0.0,0.0,0.0,0.0,0.04061738424045491,0.0,0.0,0.0,0.0,0.0,0.0,0.0,0.0,0.20308692120227456,0.0,0.0,0.0,0.0,0.0,0.04061738424045491,0.0,0.0,0.0,0.0,0.7717303005686433,0.08123476848090982,0.0,0.0,0.0,0.0,0.0,0.0,0.0
42,Race for the Galaxy,0.0,0.0,0.014236902050113895,0.014236902050113895,0.0,0.0,0.0,0.0,0.014236902050113895,0.0,0.0,5.239179954441913,0.0,0.0,0.32744874715261957,0.0,0.0,0.0,0.0,0.0,0.0,0.0,0.07118451025056947,0.05694760820045558,0.0,0.0,0.0,0.0,0.0,0.0,0.014236902050113895,0.02847380410022779,0.0,0.0,0.0,0.0,0.46981776765375854,0.0,0.0,0.014236902050113895,0.0,0.0,3.260250569476082,0.0,0.0,0.0,0.0,0.0,1.2528473804100229,0.014236902050113895,0.0,0.0,0.0,0.0,0.0,0.0,0.0,1.5518223234624147,0.0,0.0,0.0,0.02847380410022779,0.0,0.02847380410022779,0.0,0.0,0.0,0.0,0.0,0.0,0.0,0.02847380410022779,0.0,0.0,0.0,0.0,0.0,0.014236902050113895,0.042710706150341685,0.0,1.224373576309795,0.014236902050113895,0.0,0.0,0.0,0.0,0.0,0.0,0.02847380410022779,0.0,0.0,0.9538724373576309,0.07118451025056947,0.0,0.0,0.0,0.014236902050113895,0.0,0.0,0.0
43,Lords of Waterdeep,0.0,0.0,0.0,0.0,0.0,0.0,0.0,0.02064409578860446,0.0,0.0,0.02064409578860446,0.2477291494632535,0.0,0.0,2.2295623451692816,0.0,0.02064409578860446,0.0,0.0,0.0,0.0,0.0,0.04128819157720892,0.0,0.0,0.0,0.0,0.02064409578860446,0.0,0.0,0.20644095788604458,0.0,0.0,0.0,0.0,0.0,0.08257638315441784,0.02064409578860446,0.0,4.190751445086705,0.0,0.0,0.0,3.8810900082576385,0.12386457473162675,0.0,0.02064409578860446,0.0,0.0,0.0,0.0,0.0,0.0,0.0,0.0,0.0,0.0,0.12386457473162675,0.0,0.061932287365813375,0.02064409578860446,0.0,0.18579686209744012,0.04128819157720892,0.0,0.0,0.0,0.0,0.0,0.0,0.0,2.518579686209744,0.0,0.02064409578860446,0.0,0.0,0.0,0.04128819157720892,0.0,0.0,0.20644095788604458,0.0,0.0,0.0,0.0,0.0,0.0,0.0,0.0,0.0,0.0,1.0528488852188274,0.02064409578860446,0.0,0.0,0.0,0.0,0.061932287365813375,0.18579686209744012,0.0
44,Dominant Species,0.0,0.0,0.22388059701492538,0.0,0.0,0.14925373134328357,0.0,0.0,0.0,0.0,0.0,0.14925373134328357,0.0,0.0,0.9701492537313433,0.0,0.03731343283582089,0.0,0.0,0.0,0.0,0.0,0.1865671641791045,0.29850746268656714,0.0,0.0,0.0,0.0,0.0,0.0,0.29850746268656714,0.0,0.0,0.0,0.0,0.0,0.0,0.0,0.0,1.3059701492537314,0.0,0.0,0.0,0.0,5.522388059701493,0.0,0.0,0.0,0.0,3.0970149253731343,0.0,0.0,0.0,0.03731343283582089,0.0,0.0,0.0,0.07462686567164178,0.0,0.0,0.0,0.0,0.03731343283582089,0.0,0.0,0.0,0.0,0.0,0.0,0.0,0.0,0.11194029850746269,0.0,0.0,0.0,0.0,0.0,0.0,0.0,0.0,0.1865671641791045,0.0,0.0,0.0,0.0,0.11194029850746269,0.0,0.0,0.03731343283582089,0.0,0.0,0.44776119402985076,0.11194029850746269,0.0,0.0,0.0,0.03731343283582089,0.11194029850746269,0.0,0.0
45,Patchwork,0.0,0.0,0.0,0.0,0.0,0.0,0.0,0.0,0.300187617260788,0.0,0.0,0.0,0.0,0.0,0.525328330206379,0.0,0.0,0.0,0.0,0.0,0.0,0.0,0.0,0.0,0.0,0.0,0.0,0.0,0.0,0.0,0.075046904315197,0.0,0.0,0.1125703564727955,0.0,0.0,0.300187617260788,0.0,0.0,0.0,0.0,0.0,0.0,0.0,0.0,5.741088180112571,0.0,0.0,0.0,0.0,0.0,0.0,0.075046904315197,0.0,0.0,0.0,0.0,0.0,0.0,0.0,0.0,0.0,0.0,0.0375234521575985,0.0,0.0,0.0,0.0,0.0,0.0,0.0,0.0,0.0,0.0,0.0,0.0,0.0,0.0,0.0,0.0,0.0375234521575985,0.0,0.0,0.0,0.0,0.0,0.0,0.0,0.0,0.0,0.0,0.300187617260788,0.150093808630394,0.0,0.2626641651031895,0.0,0.0,0.0,0.150093808630394,0.0
46,Five Tribes,0.0,0.0,0.0,0.0,0.0,0.07864726700747149,0.0,0.0,0.0,0.0,0.0,0.07864726700747149,0.0,0.0,0.11797090051120723,0.0,0.039323633503735744,0.0,0.0,0.0,0.0,0.0,0.039323633503735744,0.039323633503735744,0.0,0.0,0.0,0.0,0.07864726700747149,0.0,0.0,0.0,0.0,0.0,0.0,0.039323633503735744,0.39323633503735744,0.039323633503735744,0.0,0.11797090051120723,0.0,0.0,0.0,0.039323633503735744,0.0,0.039323633503735744,5.859221392056626,0.0,0.039323633503735744,0.0,0.0,0.0,0.0,0.0,0.0,0.0,0.0,0.11797090051120723,0.0,0.039323633503735744,0.8257963035784507,0.0,0.039323633503735744,0.0,0.0,0.0,0.0,0.0,0.039323633503735744,0.0,0.0,0.11797090051120723,0.0,0.039323633503735744,0.0,0.0,0.0,0.0,0.0,0.0,0.5898545025560362,0.0,0.0,0.0,0.0,0.0,0.31458906802988595,0.0,0.039323633503735744,0.0,0.0,0.2752654345261502,0.07864726700747149,0.0,0.07864726700747149,0.0,0.0,0.0,0.039323633503735744,0.0
47,Dead of Winter: A Crossroads Game,0.0,0.0,0.031725888324873094,0.0,0.0,0.06345177664974619,0.0,0.0,0.0,0.0,0.0,0.0,0.0,0.0,0.031725888324873094,0.0,0.0,0.0,0.0,0.0,0.0,0.0,0.0,0.0,0.0,0.0,0.0,0.0,0.0,0.0,0.031725888324873094,0.0,0.0,0.0,0.0,0.0,0.0,0.031725888324873094,0.0,0.0,0.0,0.31725888324873097,0.0,0.0,0.0,0.0,0.0,0.15862944162436549,0.0,0.0,0.0,0.0,0.0,3.1091370558375635,0.0,0.0,0.0,0.0,0.0,0.0,0.0,0.0,0.0,0.5393401015228426,0.0,0.0,0.0,0.0,0.0,0.0,0.0,0.0,0.0,0.0,0.031725888324873094,0.0,0.0,0.0,0.0,0.0,0.09517766497461928,0.0,0.0,0.0,0.0,0.0,0.0,0.0,0.06345177664974619,0.0,0.0,6.059644670050761,0.031725888324873094,0.0,0.0,0.031725888324873094,0.0,0.0,0.0,0.0
48,Roll for the Galaxy,0.0,0.0,0.0,0.0,0.0,0.0,0.0,0.0,0.0,0.0,0.0,0.724966017217943,0.0,0.0,0.18124150430448574,0.0,0.0,0.0,0.0,0.0,0.0,0.0,0.045310376076121435,0.0,0.0,0.0,0.0,0.0,0.0,0.0,0.0,0.0,0.0,0.0,0.0,0.0,0.09062075215224287,0.09062075215224287,0.045310376076121435,0.0,0.0,0.0,22.42863615768011,0.045310376076121435,0.0,0.045310376076121435,0.045310376076121435,0.0,5.39193475305845,0.0,0.0,0.0,0.0,0.0,0.0,0.0,0.0,0.09062075215224287,0.0,0.0,0.0,0.0,0.09062075215224287,0.22655188038060717,0.0,0.0,0.0,0.045310376076121435,0.0,0.0,0.0,0.045310376076121435,0.0,0.0,0.0,0.0,0.0,0.0,0.0,0.0,1.042138649750793,0.0,0.0,0.0,0.0,0.0,0.0,0.0,0.0,0.0,0.0,0.5437245129134571,0.09062075215224287,0.0,0.0,0.0,0.0,0.0,0.0,0.0
49,El Grande,0.0,0.0,0.07389162561576355,0.0,0.0,0.0,0.0,0.0,0.0,0.0,0.0,0.6403940886699507,0.0,0.0,0.12315270935960591,0.0,0.04926108374384237,0.0,0.0,0.0,0.0,0.0,0.12315270935960591,0.04926108374384237,0.0,0.0,0.0,0.0,0.024630541871921183,0.0,0.024630541871921183,0.0,0.0,0.0,0.0,0.0,0.0,0.0,0.0,0.19704433497536947,0.0,0.0,0.024630541871921183,0.0,0.5172413793103449,0.0,0.0,0.0,0.0,7.536945812807882,0.0,0.0,0.0,0.024630541871921183,0.0,0.0,0.0,0.024630541871921183,0.0,0.0,0.0,0.04926108374384237,0.024630541871921183,0.024630541871921183,0.0,0.0,0.0,0.0,0.0,0.0,0.0,0.024630541871921183,0.0,0.0,0.0,0.0,0.0,0.0,0.0,0.0,0.09852216748768473,0.0,0.0,0.0,0.0,0.3448275862068966,0.0,0.0,0.024630541871921183,0.0,0.0,0.1724137931034483,0.024630541871921183,0.0,0.0,0.0,0.0,0.07389162561576355,0.0,0.0
50,Dominion: Intrigue,0.0,0.0,0.0,0.0,0.0,0.0,0.0,0.0,0.0,0.0,0.0,0.0,0.0,0.0,0.033921302578018994,0.0,0.0,0.0,0.0,0.0,0.0,0.0,0.033921302578018994,0.033921302578018994,0.0,0.0,0.0,0.0,0.033921302578018994,0.0,0.0,0.0,0.0,0.0,0.0,0.0,0.0,0.0,0.0,0.0,0.0,0.0,0.16960651289009498,0.0,0.0,0.0,0.0,0.0,0.0,0.033921302578018994,0.6784260515603799,0.0,0.0,0.0,0.0,0.0,0.0,35.888738127544094,0.0,0.0,0.0,0.0,0.0,0.033921302578018994,0.0,0.0,0.0,0.0,0.0,0.0,0.0,0.0,0.0,0.0,0.0,0.0,0.0,0.0,0.06784260515603799,0.0,1.3907734056987788,0.0,0.0,0.0,0.0,0.0,0.0,0.0,0.0,0.0,0.0,0.10176390773405698,0.033921302578018994,0.0,0.0,0.0,0.0,0.0,0.033921302578018994,0.0
51,Star Wars: X-Wing Miniatures Game,0.0,0.0,0.0,0.0,0.0,0.0,0.0,0.0,0.0,0.0,0.0,0.0,0.0,0.0,0.0,0.0,0.0,0.0,0.0,0.0,0.0,0.0,0.0,0.0,0.0,0.0,0.0,0.0,0.0,0.0,0.0,0.039603960396039604,0.0,0.0,0.0,0.0,0.0,0.0,0.0,0.0,0.0,0.0,0.0,0.0,0.0,0.0,0.0,0.0,0.0,0.0,0.0,0.19801980198019803,0.0,0.039603960396039604,0.0,0.0,0.0,0.039603960396039604,0.0,0.0,0.0,0.0,0.0,0.0,0.0,0.0,0.0,0.0,0.0,0.0,0.0,0.039603960396039604,0.0,0.0,0.0,0.0,0.0,0.0,0.0,0.0,0.2376237623762376,0.0,0.0,0.0,0.0,0.0,0.0,0.0,0.0,0.0,0.0,0.039603960396039604,0.0,0.0,0.0,0.0,0.0,0.0,0.0,0.0
52,Fields of Arle,0.0,0.0,0.15822784810126583,0.0,0.0,0.15822784810126583,0.0,0.0,0.0,0.0,0.15822784810126583,0.0,0.0,0.0,20.727848101265824,0.0,0.0,0.0,0.0,0.0,0.0,0.0,0.0,0.0,0.0,0.0,0.0,0.0,0.0,0.0,4.5886075949367084,0.0,0.0,0.6329113924050633,0.0,0.0,0.0,0.0,0.0,0.0,0.0,0.0,0.15822784810126583,0.0,0.0,0.47468354430379744,0.0,0.0,0.0,0.0,0.0,0.0,6.487341772151899,0.0,0.0,0.0,0.0,0.0,0.0,0.0,0.0,0.0,0.0,0.0,0.0,0.0,0.0,0.0,0.0,0.0,0.0,0.0,0.0,0.0,0.0,0.0,0.0,2.3734177215189876,0.0,0.15822784810126583,0.31645569620253167,0.0,0.0,0.0,0.0,0.0,0.0,0.0,0.0,0.0,0.0,1.1075949367088607,0.15822784810126583,0.0,0.0,0.15822784810126583,0.0,0.0,0.0,0.0
53,Battlestar Galactica,0.0,0.0,0.020177562550443905,0.0,0.020177562550443905,0.0,0.0,0.0,0.0,0.0,0.0,0.06053268765133172,0.0,0.0,0.04035512510088781,0.0,0.0,0.0,0.0,0.0,0.0,0.0,0.04035512510088781,0.06053268765133172,0.0,0.0,0.0,0.0,0.0,0.0,0.020177562550443905,0.04035512510088781,0.0,0.0,0.0,0.0,0.020177562550443905,0.0,0.0,0.020177562550443905,0.0,0.0,0.020177562550443905,0.0,0.020177562550443905,0.0,0.0,0.0,0.0,0.020177562550443905,0.0,0.0,0.0,2.9661016949152543,0.0,0.0,0.0,0.0,0.0,0.0,0.0,0.0,0.0,0.7263922518159807,0.0,0.0,0.0,0.0,0.0,0.0,0.0,0.0,0.0,0.0,0.0,0.0,0.0,0.0,0.0,0.020177562550443905,0.34301856335754644,0.0,0.0,0.0,0.0,0.0,0.0,0.0,0.020177562550443905,0.0,0.0,0.5851493139628733,0.04035512510088781,0.0,0.0,0.0,0.0,0.0,0.0,0.0
54,Clank!: A Deck-Building Adventure,0.0,0.0,0.0,0.0,0.0,0.0,0.10050251256281408,0.0,0.0,0.0,0.0,0.0,0.0,0.0,0.0,0.0,0.10050251256281408,0.0,0.0,0.0,0.0,0.0,0.0,0.0,0.0,0.0,0.0,0.0,0.0,0.0,0.0,0.0,0.0,0.0,0.0,0.0,0.0,0.0,0.0,0.0,0.0,0.0,0.0,0.0,0.0,0.0,0.0,0.0,0.0,0.0,0.0,0.0,0.0,0.0,0.10050251256281408,0.0,0.0,7.236180904522613,0.0,0.0,0.0,0.0,0.0,0.10050251256281408,0.0,0.0,0.0,0.0,0.0,0.0,0.0,0.10050251256281408,0.0,0.0,0.0,0.0,0.0,0.0,0.5025125628140703,0.0,0.10050251256281408,0.0,0.0,0.0,0.0,0.0,0.0,0.0,0.0,0.0,0.0,0.8040201005025126,0.20100502512562815,0.0,0.0,0.0,0.10050251256281408,0.0,0.0,0.0
55,Mombasa,0.0,0.0,0.0,0.0,0.0,0.5594405594405595,0.0,0.0,0.0,0.0,0.0,0.27972027972027974,0.0,0.9790209790209791,0.27972027972027974,0.0,0.0,0.0,0.0,0.0,0.0,0.0,0.0,0.0,0.0,0.13986013986013987,0.0,0.0,1.118881118881119,0.0,0.0,0.0,0.0,0.0,0.0,0.0,0.27972027972027974,0.0,0.0,0.0,0.0,0.0,0.0,0.0,0.0,0.0,0.0,0.0,0.0,0.0,0.0,0.0,0.0,0.0,0.0,10.909090909090908,0.0,0.13986013986013987,0.0,0.27972027972027974,1.2587412587412588,0.0,0.27972027972027974,0.0,0.0,0.0,0.0,0.0,0.0,0.13986013986013987,0.0,0.0,0.0,0.0,0.0,0.0,0.0,0.0,0.0,0.0,0.27972027972027974,0.0,0.0,0.0,0.0,0.0,0.0,0.0,0.0,0.0,0.0,1.118881118881119,0.27972027972027974,0.0,0.0,0.0,0.0,0.13986013986013987,0.0,0.0
56,Sherlock Holmes Consulting Detective: The Thames Murders & Other Cases,0.0,0.0,0.0,0.0,0.0,0.0,0.0,0.0,0.0,0.0,0.0,0.0,0.0,0.0,0.0,0.0,0.0,0.0,0.0,0.0,0.0,0.0,0.0,0.0,0.0,0.0,0.0,0.0,0.0673854447439353,0.0,0.0,0.0,0.0,0.0,0.1347708894878706,0.0,0.0,0.0,0.0,0.0,0.0,0.0673854447439353,0.0,0.0,0.0,0.0,0.0,0.0,0.0,0.0,0.0,0.0,0.0,0.0,0.0,0.0,0.0,0.0,0.0,0.0,0.0,0.0,0.0,0.2695417789757412,0.0,0.0,0.0,0.0,0.0,0.0,0.0,0.0,0.0,0.0,0.0,0.0,0.0,0.0,0.0,0.0,0.0,0.0,0.0,0.0,0.0,0.0,0.0,0.0,0.0,0.0,0.0,0.40431266846361186,0.0,0.0,0.0,0.0,0.0,0.0,0.0673854447439353,0.0
57,Dominion,0.0,0.0,0.020234722784297856,0.0,0.0,0.0,0.0,0.0,0.0,0.0,0.0,0.09105625252934035,0.0,0.0,0.2529340348037232,0.0,0.0,0.0,0.0,0.0,0.0,0.0,0.010117361392148928,0.04046944556859571,0.0,0.0,0.0,0.0,0.020234722784297856,0.0,0.0,0.020234722784297856,0.0,0.0,0.0,0.010117361392148928,0.21246458923512748,0.0,0.0,0.030352084176446782,0.0,0.0,1.244435451234318,0.010117361392148928,0.010117361392148928,0.0,0.0,0.0,0.0,0.020234722784297856,0.27316875758802106,0.0,0.0,0.010117361392148928,0.0,0.0,0.0,15.044516390125455,0.0,0.0,0.0,0.0,0.0,0.020234722784297856,0.0,0.020234722784297856,0.0,0.0,0.0,0.0,0.0,0.030352084176446782,0.0,0.0,0.0,0.0,0.0,0.0,0.37434237150951033,0.0,3.389316066369891,0.0,0.0,0.0,0.0,0.0,0.0,0.010117361392148928,0.020234722784297856,0.0,0.0,0.3439902873330635,0.08093889113719142,0.0,0.0,0.0,0.010117361392148928,0.0,0.010117361392148928,0.0
58,The 7th Continent,0.0,0.0,0.0,1.1210762331838564,0.0,0.0,0.0,0.0,0.0,0.0,0.0,0.0,0.0,0.0,0.0,0.0,0.0,0.0,0.0,0.0,0.0,0.0,0.0,0.0,0.0,0.0,0.0,0.0,0.0,0.0,0.0,0.0,0.0,0.0,0.2242152466367713,0.0,0.0,0.0,0.0,0.0,0.0,0.0,0.0,0.0,0.0,0.0,0.0,0.0,0.0,0.0,0.0,0.0,0.0,0.0,0.0,0.0,0.0,0.0,2.242152466367713,0.0,0.0,0.0,0.0,0.2242152466367713,0.0,0.0,0.0,0.0,0.0,0.0,0.0,0.0,0.0,0.0,0.0,0.0,0.0,0.0,0.0,0.0,0.4484304932735426,0.0,0.0,0.0,0.0,0.0,0.0,0.0,0.0,0.0,0.0,0.672645739910314,0.0,0.0,0.0,0.0,0.0,0.0,0.0,0.0
59,Russian Railroads,0.0,0.0,0.0,0.0,0.0,0.43383947939262474,0.0,0.0,0.0,0.0,0.0,0.21691973969631237,0.0,0.0,1.4461315979754157,0.0,0.0,0.0,0.0,0.0,0.0,0.0,0.07230657989877079,0.0,0.0,0.0,0.0,0.0,0.07230657989877079,0.0,0.21691973969631237,0.0,0.0,0.0,0.0,0.0,0.07230657989877079,0.07230657989877079,0.0,0.28922631959508316,0.0,0.0,0.0,0.5061460592913956,0.0,0.0,0.0,0.0,0.0,0.0,0.0,0.0,0.07230657989877079,0.0,0.0,0.0,0.0,0.0,0.0,4.483007953723789,0.21691973969631237,0.07230657989877079,0.14461315979754158,0.0,0.0,0.0,0.0,0.0,0.0,0.0,0.0,0.43383947939262474,0.0,0.0,0.0,0.0,0.0,0.0,0.0,0.0,0.5061460592913956,0.0,0.0,0.07230657989877079,0.0,0.0,0.0,0.0,0.0,0.0,0.0,0.7953723788864787,0.5784526391901663,0.0,0.0,0.0,0.0,0.14461315979754158,0.07230657989877079,0.0
60,Trajan,0.0,0.0,0.0,0.0,0.0,0.060753341433778855,0.0,0.0,0.0,0.3037667071688943,0.0,0.060753341433778855,0.0,0.0,0.425273390036452,0.0,0.0,0.0,0.0,0.0,0.0,0.0,0.060753341433778855,0.0,0.0,0.0,0.0,0.0,0.1822600243013366,0.0,0.1822600243013366,0.0,0.0,0.0,0.0,0.0,0.0,0.060753341433778855,0.0,0.1822600243013366,0.0,0.0,0.0,0.0,0.060753341433778855,0.0,0.12150668286755771,0.0,0.060753341433778855,0.0,0.0,0.0,0.0,0.0,0.0,0.0,0.0,0.060753341433778855,0.0,0.0,12.332928311057108,0.12150668286755771,0.1822600243013366,0.0,0.0,0.0,0.0,0.0,0.0,0.0,0.0,0.060753341433778855,0.0,0.0,0.0,0.0,0.0,0.060753341433778855,0.0,0.0,0.24301336573511542,0.0,0.0,0.0,0.0,0.0,0.0,0.0,0.0,0.0,0.0,0.7897934386391251,0.12150668286755771,0.0,0.0,0.0,0.0,0.0,0.0,0.0
61,Tigris & Euphrates,0.0,0.0,0.02035416242621616,0.0,0.0,0.02035416242621616,0.0,0.02035416242621616,0.0,0.0,0.0,0.6716873600651333,0.0,0.0,0.08141664970486465,0.0,0.0,0.0,0.0,0.0,0.0,0.0,0.2035416242621616,0.02035416242621616,0.0,0.0,0.0,0.0,0.02035416242621616,0.02035416242621616,0.0,0.0,0.0,0.0,0.0,0.0,0.02035416242621616,0.0,0.0,0.2035416242621616,0.0,0.0,0.02035416242621616,0.0,0.04070832485243232,0.0,0.0,0.0,0.0,0.18318746183594545,0.02035416242621616,0.0,0.0,0.0,0.0,0.0,0.0,0.061062487278648485,0.0,0.0,0.0,1.0177081213108081,0.02035416242621616,0.02035416242621616,0.0,0.0,0.0,0.0,0.0,0.0,0.0,0.0,0.0,0.0,0.0,0.0,0.0,0.0,0.02035416242621616,0.0,0.12212497455729697,0.02035416242621616,0.0,0.0,0.0,0.02035416242621616,0.0,0.0,0.04070832485243232,0.0,0.0,0.18318746183594545,0.04070832485243232,0.0,0.0,0.0,0.02035416242621616,0.04070832485243232,0.02035416242621616,0.0
62,Troyes,0.0,0.0,0.04791566842357451,0.0,0.0,0.19166267369429804,0.0,0.0,0.0,0.09583133684714902,0.0,0.3833253473885961,0.0,0.0,0.6708193579300431,0.0,0.0,0.0,0.0,0.0,0.0,0.0,0.04791566842357451,0.04791566842357451,0.04791566842357451,0.0,0.0,0.0,0.04791566842357451,0.0,0.5270723526593196,0.0,0.0,0.0,0.0,0.0,0.23957834211787254,0.04791566842357451,0.0,1.9166267369429804,0.0,0.0,0.09583133684714902,0.14374700527072354,0.14374700527072354,0.0,0.0,0.0,0.0,0.0,0.0,0.0,0.0,0.0,0.0,0.0,0.0,0.04791566842357451,0.0,0.0,0.19166267369429804,0.0,13.464302827024436,0.0,0.0,0.0,0.0,0.0,0.0,0.0,0.0,0.8624820316243411,0.0,0.0,0.0,0.0,0.0,0.04791566842357451,0.0,0.0,2.012458073790129,0.04791566842357451,0.0,0.0,0.0,0.0,0.0,0.0,0.0,0.0,0.0,1.4853857211308097,0.04791566842357451,0.0,0.0,0.0,0.0,0.23957834211787254,0.0,0.0
63,Pandemic,0.037835792659856225,0.0,0.037835792659856225,0.0,0.0,0.0,0.0,0.0,0.0,0.0,0.0,0.0,0.0,0.0,0.10404842981460462,0.0,0.0,0.0,0.0,0.0,0.0,0.0,0.0,0.0,0.0,0.0,0.0,0.0,0.0,0.0,0.0,0.0,0.0,0.0,0.0,0.0,0.018917896329928113,0.0,0.0,0.0,0.0,0.09458948164964057,0.037835792659856225,0.0,0.0,0.0,0.0,0.0,0.0,0.009458948164964056,0.0,0.0,0.0,0.14188422247446084,0.0,0.0,0.0,0.11350737797956867,0.0,0.0,0.0,0.0,0.0,10.0264850548619,0.0,0.0,0.0,0.0,0.0,0.0,0.0,0.009458948164964056,0.0,0.0,0.0,0.0,0.0,0.0,0.0,0.0,0.34998108210367007,0.0,0.0,0.0,0.009458948164964056,0.0,0.009458948164964056,0.0,0.009458948164964056,0.0,0.0,0.46348846008323874,0.037835792659856225,0.0,0.0,0.0,0.0,0.0,0.009458948164964056,0.0
64,Santorini,0.0,0.0,0.0,0.09259259259259259,0.0,0.0,0.0,0.0,0.0,0.0,0.0,0.0,0.0,0.0,0.0,0.0,0.0,0.0,0.0,0.0,0.0,0.0,0.0,0.0,0.0,0.0,0.0,0.0,0.0,0.0,0.0,0.0,0.0,0.0,0.0,0.0,0.0,0.0,0.0,0.0,0.0,0.0,0.0,0.0,0.0,0.2777777777777778,0.0,0.0,0.0,0.0,0.0,0.0,0.0,0.0,0.0,0.0,0.0,0.0,0.0,0.0,0.0,0.0,0.0,0.0,6.666666666666667,0.0,0.0,0.0,0.0,0.0,0.0,0.0,0.0,0.0,0.0,0.0,0.0,0.0,0.0,0.0,1.2962962962962963,0.0,0.0,0.0,0.0,0.0,0.0,0.0,0.18518518518518517,0.0,0.0,0.9259259259259259,0.0,0.0,0.0,0.0,0.0,0.0,0.0,0.0
65,Crokinole,0.0,0.0,0.0,0.0,0.0,0.0,0.0,0.0,0.0,0.0,0.0,0.0,0.0,0.0,0.0,0.0,0.0,0.0,0.0,0.0,0.0,0.0,0.0,0.0,0.0,0.0,0.0,0.0,0.0,0.0,0.0,0.0,0.0,0.0,0.0,0.0,0.0,0.0,0.0,0.05361930294906166,0.0,0.0,0.0,0.0,0.0,0.0,0.0,0.0,0.0,0.0,0.0,0.0,0.0,0.0,0.0,0.0,0.0,0.05361930294906166,0.0,0.0,0.0,0.0,0.0,0.0,0.0,13.780160857908847,0.0,0.0,0.0,0.0,0.0,0.0,0.0,0.0,0.0,0.0,0.0,0.0,0.0,0.0,0.05361930294906166,0.0,0.0,0.0,0.0,0.0,0.0,0.0,0.0,0.0,0.0,0.32171581769436997,0.05361930294906166,0.0,0.0,0.0,0.0,0.0,0.0,0.0
66,Descent: Journeys in the Dark (Second Edition),0.0,0.0,0.0,0.36663611365719523,0.0,0.0,0.0,0.0,0.0,0.0,0.0,0.0,0.0,0.0,0.0,0.0,0.0,0.0,0.0,0.0,0.36663611365719523,0.0,0.0,0.09165902841429881,0.0,0.0,0.0,0.0,0.0,0.0,0.0,0.0,0.0,0.0,0.0,0.0,0.0,0.0,0.0,0.0,0.0,0.045829514207149404,0.0,0.0,0.0,0.0,0.0,0.0,0.0,0.0,0.0,0.0,0.0,0.0,0.0,0.0,0.0,0.045829514207149404,0.0,0.0,0.0,0.0,0.0,0.045829514207149404,0.0,0.0,0.229147571035747,0.0,0.045829514207149404,0.0,0.0,0.0,0.0,0.0,0.09165902841429881,0.0,0.0,0.0,0.0,0.0,0.41246562786434465,0.0,0.0,0.0,0.0,0.0,0.0,0.0,0.0,0.0,0.0,1.0540788267644363,0.458295142071494,0.0,0.0,0.0,0.045829514207149404,0.0,0.0,0.0
67,Castles of Mad King Ludwig,0.0,0.0,0.0,0.0,0.0,0.0488997555012225,0.0,0.0,0.0,0.0,0.0,0.1466992665036675,0.0,0.0,0.097799511002445,0.0,0.0,0.0,0.0,0.0,0.0,0.0,0.0,0.0,0.0,0.0,0.0,0.0,0.0,0.0,0.0,0.0,0.0,0.0,0.0,0.0488997555012225,0.0,0.0,0.0,0.0,0.0,0.0,0.0,0.097799511002445,0.0,0.0,0.0,0.0,0.0488997555012225,0.0,0.0,0.0,0.0,0.0,0.0,0.0,0.0,0.0488997555012225,0.0,0.0,0.0,0.0,0.0,0.0,0.0,0.0,0.0,2.6894865525672373,0.0,0.0,0.0,0.0,0.0,0.0,0.0,0.0,0.0,0.0,0.0,0.0,0.4889975550122249,22.78728606356968,0.0,0.0,0.0,0.0,0.0,0.0,0.0,0.0,0.0,4.254278728606357,0.0488997555012225,0.0,0.0,0.0,0.0,0.0,0.0,0.0
68,Kemet,0.0,0.0,0.0683526999316473,0.0,0.0,0.0683526999316473,0.0,0.2734107997265892,0.0,0.0,0.0,0.1367053998632946,0.0,0.0,0.0683526999316473,0.0,2.050580997949419,0.0,0.0,0.0,0.0,0.0,0.2050580997949419,0.3417634996582365,0.0,0.0,0.0,0.0,0.0,0.0,0.0,0.0,0.0,0.0,0.0,0.0,0.0,0.0683526999316473,0.0,0.0,0.0,0.0,0.0,0.0683526999316473,0.0,0.0,0.0,0.0,0.0,0.0683526999316473,0.0,0.0,0.0,0.0,0.0,0.0,0.0,0.0,0.0,0.0,0.0,0.0,0.0,0.0,0.0,0.0,0.0,0.0,11.278195488721805,0.0,0.0,0.0683526999316473,0.0,0.0,0.0683526999316473,0.0,0.0,0.0,0.0,0.1367053998632946,0.7518796992481203,0.0683526999316473,0.0,0.0,0.0,1.0936431989063569,0.0,0.0,0.1367053998632946,0.0,0.0,0.2734107997265892,0.0683526999316473,0.0,0.0,0.0,0.0,0.0,0.0,0.0
69,The Gallerist,0.0,0.0,0.0,0.0,0.0,0.1529051987767584,0.0,0.0,0.0,0.0,0.0,0.0,0.0,0.0,0.3058103975535168,0.0,0.0,0.0,0.0,0.0,0.0,0.0,0.1529051987767584,0.1529051987767584,0.0,0.1529051987767584,0.0,0.0,0.0,0.0,0.0,0.0,0.0,0.0,0.0,0.0,0.0,0.1529051987767584,0.0,0.0,0.0,0.0,0.0,0.0,0.1529051987767584,0.1529051987767584,0.0,0.0,0.0,0.0,0.0,0.0,0.0,0.0,0.0,0.3058103975535168,0.0,0.0,0.0,0.0,0.0,0.0,0.3058103975535168,0.0,0.0,0.0,0.0,0.0,0.0,7.033639143730887,0.0,0.0,0.0,0.1529051987767584,0.0,0.0,0.0,0.0,0.0,0.0,0.1529051987767584,0.0,0.0,0.0,0.0,0.0,0.0,0.0,0.0,0.0,0.0,2.90519877675841,0.0,0.0,0.0,0.3058103975535168,0.0,0.1529051987767584,0.0,0.0
70,War of the Ring (first edition),0.0,0.0,0.5506141465480728,0.0,0.08470986869970351,0.0,0.0,0.0,0.0,0.0,0.0,0.16941973739940702,0.0,0.0,0.042354934349851756,0.0,0.0,0.0,0.0,0.0,0.0,0.0,0.042354934349851756,0.0,0.0,0.0,0.0,0.0,0.0,0.0,0.0,0.0,0.0,0.0,0.0,0.0,0.0,0.0,0.0,0.0,0.0,0.0,0.042354934349851756,0.0,0.0,0.0,0.0,0.0,0.0,0.042354934349851756,0.0,0.0,0.0,0.042354934349851756,0.0,0.0,0.0,0.0,0.0,0.0,0.0,0.0,0.0,0.0,0.0,0.0,0.0,0.0,0.0,0.0,0.0,0.042354934349851756,0.0,0.0,0.0,0.0,0.0,0.0,0.0,0.0,0.9741634900465904,0.0,0.0,0.0,0.0,0.0,0.0,0.042354934349851756,0.0,0.0,0.0,0.3811944091486658,0.0,0.0,0.0,0.0,0.0,0.0,0.0,0.0
71,Stone Age,0.0,0.0,0.0,0.0,0.0,0.018281535648994516,0.0,0.0,0.0,0.0,0.0,0.6946983546617916,0.0,0.0,5.082266910420476,0.0,0.0,0.0,0.0,0.0,0.0,0.0,0.12797074954296161,0.0,0.0,0.0,0.0,0.0,0.018281535648994516,0.0,0.3656307129798903,0.0,0.0,0.0,0.0,0.0,0.16453382084095064,0.0,0.0,2.2851919561243146,0.0,0.0,0.054844606946983544,1.2248628884826325,0.03656307129798903,0.0,0.0,0.0,0.0,0.018281535648994516,0.0,0.0,0.0,0.0,0.0,0.0,0.0,0.12797074954296161,0.0,0.018281535648994516,0.03656307129798903,0.0,0.10968921389396709,0.018281535648994516,0.0,0.0,0.0,0.0,0.018281535648994516,0.0,0.0,7.568555758683729,0.0,0.018281535648994516,0.0,0.0,0.0,0.03656307129798903,0.0,0.0,0.14625228519195613,0.0,0.0,0.0,0.0,0.0,0.0,0.0,0.0,0.0,0.0,1.0968921389396709,0.0,0.0,0.018281535648994516,0.0,0.0,0.0,0.0,0.0
72,The Resistance: Avalon,0.0,0.0,0.0,0.0,0.0,0.0,0.0,0.044464206313917294,0.0,0.0,0.0,0.0,0.0,0.0,0.044464206313917294,0.0,0.0,0.0,0.0,0.0,0.0,0.0,0.0,0.0,0.0,0.0,0.0,0.0,0.0,0.0,0.0,0.0,0.0,0.0,0.0,0.08892841262783459,0.044464206313917294,0.0,0.0,0.0,0.0,0.0,0.0,0.0,0.0,0.0,0.0,0.0,0.0,0.0,0.0,0.0,0.0,0.5335704757670076,0.0,0.0,0.0,0.0,0.0,0.0,0.0,0.0,0.0,0.0,0.0,0.0,0.0,0.0,0.0,0.0,0.0,0.044464206313917294,0.889284126278346,0.0,0.0,0.0,0.0,0.0,0.0,0.0,0.2223210315695865,0.0,0.0,0.0,0.0,0.0,0.0,0.0,0.1333926189417519,0.0,0.044464206313917294,0.2223210315695865,0.0,0.0,0.0,0.0,0.0,0.0,0.0,0.0
73,Alchemists,0.0,0.0,0.0,0.0,0.0,0.0,0.0,0.0,0.0,0.0,0.0,0.0,0.0,0.0,0.27739251040221913,0.0,0.0,0.0,0.0,0.0,0.0,0.0,0.06934812760055478,0.0,0.0,0.0,0.0,0.0,0.0,0.0,0.0,0.0,0.0,0.0,0.0,0.06934812760055478,0.06934812760055478,0.0,0.0,0.06934812760055478,0.0,0.0,0.0,0.0,0.0,0.0,0.0,0.0,0.0,0.0,0.0,0.0,0.0,0.0,0.0,0.0,0.0,0.0,0.0,0.0,0.06934812760055478,0.0,0.06934812760055478,0.0,0.0,0.0,0.0,0.0,0.0,0.0,0.0,0.0,0.0,4.923717059639389,0.0,0.0,0.0,0.0,0.0,0.0,0.6934812760055479,0.06934812760055478,0.0,0.0,0.0,0.0,0.0,0.0,0.0,0.0,0.0,0.5547850208044383,0.0,0.0,0.0,0.0,0.0,0.06934812760055478,0.0,0.0
74,Arcadia Quest,0.0,0.0,0.0,0.12360939431396786,0.0,0.0,0.0,0.0,0.0,0.0,0.0,0.0,0.0,0.0,0.0,0.0,0.12360939431396786,0.0,0.0,0.0,0.0,0.0,0.0,0.0,0.0,0.0,0.0,0.0,0.0,0.0,0.0,0.0,0.0,0.0,0.0,0.0,0.0,0.0,0.0,0.0,0.0,0.0,0.0,0.0,0.0,0.0,0.0,0.0,0.0,0.0,0.0,0.0,0.0,0.0,0.0,0.0,0.0,0.0,0.0,0.0,0.0,0.0,0.0,0.0,0.0,0.0,0.0,0.0,0.0,0.0,0.0,0.0,0.0,0.12360939431396786,4.573547589616811,0.0,0.0,0.0,0.0,0.0,0.6180469715698393,0.0,0.0,0.0,0.0,0.0,0.0,0.0,0.24721878862793573,0.0,0.0,0.865265760197775,0.0,0.0,0.0,0.0,0.0,0.0,0.0,0.0
75,A Game of Thrones: The Board Game (Second Edition),0.0,0.0,0.0,0.0,0.0,0.0,0.0,0.04214075010535188,0.0,0.0,0.0,0.0,0.0,0.0,0.04214075010535188,0.0,0.1264222503160556,0.0,0.0,0.0,0.0,0.0,0.0,0.337126000842815,0.0,0.0,0.0,0.0,0.0,0.0,0.0,0.0,0.0,0.0,0.0,0.0,0.08428150021070376,0.0,0.0,0.04214075010535188,0.0,0.0,0.0,0.0,0.21070375052675938,0.0,0.0,0.0,0.0,0.08428150021070376,0.0,0.0,0.0,0.04214075010535188,0.0,0.0,0.0,0.0,0.0,0.0,0.0,0.0,0.0,0.0,0.0,0.0,0.0,0.0,0.67425200168563,0.0,0.0,0.0,0.0,0.0,0.0,0.1264222503160556,0.0,0.0,0.0,0.08428150021070376,0.1685630004214075,0.0,0.0,0.0,0.0,0.1264222503160556,0.0,0.0,0.1685630004214075,0.0,0.0,0.42140750105351876,0.0,0.0,0.0,0.0,0.0,0.0,0.04214075010535188,0.0
76,Legendary Encounters: An Alien Deck Building Game,0.0,0.0,0.0,0.0,0.0,0.0,0.0,0.0,0.0,0.0,0.0,0.0,0.0,0.0,0.0,0.0,0.0,0.0,0.0,0.0,0.0,0.0,0.0,0.0,0.0,0.0,0.0,0.0,0.0,0.0,0.0,0.0,0.0,0.0,0.0,0.0,0.0,0.0,0.0,0.0,0.0,0.0,0.0,0.0,0.0,0.0,0.0,0.0,0.0,0.0,0.0,0.0,0.0,0.0,0.0,0.0,0.0,1.5582034830430798,0.0,0.0,0.09165902841429881,0.0,0.0,0.458295142071494,0.0,0.0,0.0,0.0,0.0,0.0,0.0,0.0,0.0,0.0,0.0,0.0,0.18331805682859761,0.0,0.916590284142988,0.0,0.27497708524289644,0.0,0.0,0.0,0.0,0.0,0.0,0.0,0.0,0.0,0.0,0.458295142071494,0.18331805682859761,0.0,0.0,0.0,0.0,0.0,0.0,0.0
77,Ora et Labora,0.0,0.0,0.0,0.0,0.0,0.0,0.0,0.0,0.0,0.0,0.0859106529209622,0.25773195876288657,0.0,0.0,25.257731958762886,0.0,0.0,0.0,0.0,0.0,0.0,0.0,0.1718213058419244,0.1718213058419244,0.0,0.0,0.0,0.0,0.0,0.0,31.013745704467354,0.0,0.0,0.1718213058419244,0.0,0.0,0.0,0.3436426116838488,0.0,0.25773195876288657,0.0,0.0,0.0,0.0,0.1718213058419244,0.1718213058419244,0.0,0.0,0.0,0.0,0.0,0.0,0.6013745704467354,0.0,0.0,0.0,0.0,0.0,0.0,0.0,0.0859106529209622,0.0,0.0859106529209622,0.0,0.0,0.0,0.0,0.0,0.0,0.0,0.0,0.0859106529209622,0.0,0.0,0.0,0.0,0.0,6.185567010309279,0.0,0.0,0.42955326460481097,0.0859106529209622,0.0,0.0,0.0,0.0,0.0,0.0,0.0,0.0,0.0,0.5154639175257731,0.0859106529209622,0.0,0.0,0.0,0.0,0.0,0.0,0.0
78,Star Realms,0.0,0.0,0.0,0.0,0.0,0.0,0.0,0.0,0.032948929159802305,0.0,0.0,0.0,0.0,0.0,0.032948929159802305,0.0,0.0,0.0,0.0,0.0,0.0,0.0,0.0,0.032948929159802305,0.0,0.0,0.0,0.0,0.0,0.0,0.0,0.0,0.0,0.0,0.0,0.0,0.032948929159802305,0.0,0.0,0.0,0.0,0.0,0.29654036243822074,0.0,0.0,0.0,0.0,0.0,0.0,0.032948929159802305,0.0,0.0,0.0,0.0,0.0,0.0,0.0,8.533772652388798,0.0,0.0,0.0,0.0,0.0,0.0,0.0,0.0,0.0,0.0,0.0,0.0,0.0,0.0,0.0,0.0,0.0,0.0,0.0,0.0,6.688632619439868,0.0,0.42833607907743,0.0,0.0,0.0,0.0,0.0,0.0,0.0,0.0,0.0,0.0,0.26359143327841844,0.3953871499176277,0.0,0.0,0.0,0.0,0.0,0.0,0.0
79,Forbidden Stars,0.0,0.0,0.0,0.0,0.0,0.15822784810126583,0.0,0.0,0.0,0.0,0.0,0.0,0.0,0.0,0.15822784810126583,0.0,0.0,0.0,0.0,0.0,0.0,0.0,0.15822784810126583,1.1075949367088607,0.0,0.0,0.0,0.0,0.0,0.0,0.0,0.0,0.0,0.0,0.0,0.0,0.15822784810126583,0.0,0.0,0.0,0.0,0.0,0.0,0.0,0.0,0.0,0.0,0.0,0.0,0.0,0.0,0.0,0.0,0.15822784810126583,0.0,0.0,0.0,0.15822784810126583,0.0,0.0,0.0,0.0,0.0,0.0,0.0,0.0,0.0,0.0,0.6329113924050633,0.0,0.0,0.0,0.0,0.0,0.0,0.0,0.0,0.0,0.0,5.69620253164557,0.31645569620253167,0.15822784810126583,0.0,0.0,0.0,0.6329113924050633,0.0,0.0,0.15822784810126583,0.0,0.0,1.2658227848101267,0.0,0.0,0.0,0.0,0.0,0.0,0.0,0.0
80,Nations,0.0,0.0,0.2947678703021371,0.0,0.0,0.14738393515106854,0.0,0.0,0.0,0.0,0.0,0.2210759027266028,0.0,0.0,0.810611643330877,0.0,0.0,0.2947678703021371,0.0,0.0,0.0,0.0,0.14738393515106854,0.2947678703021371,0.0,0.0,0.0,0.0,0.0,0.0,0.0,0.0,0.0,0.0,0.0,0.0,1.0316875460574797,0.0,0.07369196757553427,0.2210759027266028,0.0,0.0,0.07369196757553427,0.0,0.0,0.0,0.0,0.0,0.0,0.0,0.0,0.0,0.0,0.0,0.0,0.0,0.0,0.0,0.0,0.07369196757553427,0.0,0.07369196757553427,0.0,0.0,0.0,0.0,0.0,0.0,0.0,0.0,0.0,0.07369196757553427,0.0,0.0,0.0,0.0,0.0,0.0,0.0,0.0,15.475313190862195,0.07369196757553427,0.0,0.0,0.0,0.0,0.0,0.0,0.0,0.0,0.0,0.5895357406042742,0.2210759027266028,0.0,0.0,0.0,0.0,0.0,0.0,0.0
81,Suburbia,0.0,0.0,0.0,0.0,0.0,0.041858518208455424,0.0,0.0,0.0,0.041858518208455424,0.0,0.041858518208455424,0.0,0.0,0.1674340728338217,0.0,0.0,0.0,0.0,0.0,0.0,0.0,0.46044370029300963,0.041858518208455424,0.0,0.0,0.0,0.0,0.0,0.0,0.0,0.0,0.0,0.0,0.0,0.0,0.29300962745918796,0.12557555462536626,0.0,0.0,0.0,0.0,0.08371703641691085,0.0,0.0,0.0,0.0,0.0,0.0,0.0,0.0,0.0,0.0,0.0,0.0,0.0,0.0,0.0,0.0,0.0,0.0,0.0,0.041858518208455424,0.0,0.0,0.0,0.0,3.4323984930933444,0.0,0.0,0.0,0.0,0.0,0.0,0.0,0.0,0.0,0.041858518208455424,0.0,0.0,0.8371703641691084,11.511092507325241,0.0,0.0,0.0,0.0,0.0,0.0,0.0,0.0,0.0,9.711176224361658,0.29300962745918796,0.0,0.0,0.0,0.2092925910422771,0.0,0.0,0.0
82,Commands & Colors: Ancients,0.0,0.0,0.0968054211035818,0.0,0.0,0.0,0.0,0.0,0.0,0.0,0.0,0.0,0.0,0.0,0.0,0.0,0.0,0.0,0.0,0.0,0.0,0.0,0.0,0.1452081316553727,0.0,0.0,0.0,0.0,0.0,0.0,0.0484027105517909,0.0,0.0,0.0,0.0,0.0,0.0,0.0,0.0,0.0,0.0,0.0,0.0,0.0,0.0,0.0,0.0,0.0,0.0,0.0,0.0,0.0,0.0,0.0,0.0,0.0,0.0,0.0,0.0,0.0,0.0,0.0,0.0,0.0,0.0,0.0,0.0,0.0,0.0,0.0,0.0,0.0,0.0,0.0,0.0,0.0,0.0,0.0,0.0,0.0,0.2904162633107454,0.0,0.3388189738625363,0.0,0.0,0.0,0.0,0.0484027105517909,0.0,0.0,0.0,0.1936108422071636,0.0968054211035818,0.0,0.0,0.0,0.0,0.0,0.0,0.0
83,Railways of the World,0.0,0.0,0.0,0.0,0.0,0.0,0.0,0.0,0.0,0.0,0.0,0.11976047904191617,0.0,0.0,0.07984031936127745,0.0,0.0,0.0,0.0,0.0,0.0,0.0,0.6786427145708582,0.03992015968063872,0.0,0.0,0.0,0.0,0.0,0.0,0.0,0.0,0.0,0.0,0.0,0.0,0.0,0.0,0.0,0.03992015968063872,0.0,0.0,0.0,0.0,0.0,0.0,0.0,0.0,0.0,0.0,0.0,0.0,0.0,0.0,0.0,0.0,0.0,0.0,0.0,0.0,0.0,0.0,0.0,0.0,0.0,0.0,0.0,0.0,0.0,0.0,0.0,0.0,0.0,0.0,0.0,0.0,0.0,0.0,0.0,0.0,0.3592814371257485,0.03992015968063872,0.0,2.435129740518962,0.0,0.0,0.0,0.0,0.07984031936127745,0.0,0.0,1.3173652694610778,24.07185628742515,0.0,0.0,0.0,19.72055888223553,0.0,0.0,0.0
84,Ticket to Ride: Europe,0.0,0.0,0.0,0.0,0.0,0.0,0.0,0.0,0.0,0.0,0.0,0.05136106831022085,0.0,0.0,0.01712035610340695,0.0,0.0,0.0,0.0,0.0,0.0,0.0,0.1369628488272556,0.01712035610340695,0.0,0.0,0.0,0.0,0.0,0.0,0.0,0.0,0.0,0.0,0.0,0.0,0.0342407122068139,0.0,0.0,0.0,0.0,0.0,0.0,0.0342407122068139,0.0,0.0,0.0,0.0,0.0,0.01712035610340695,0.0,0.0,0.0,0.0,0.0,0.0,0.0,0.0342407122068139,0.0,0.0,0.0,0.01712035610340695,0.0,0.0342407122068139,0.0,0.0,0.0,0.0,0.0,0.0,0.0,0.01712035610340695,0.0,0.0,0.0,0.0,0.0,0.0,0.0,0.0,0.6334531758260572,0.0,0.0,0.0684814244136278,0.6505735319294641,0.0,0.0,0.0,0.0,0.0,0.0,0.5136106831022085,0.25680534155110424,0.0,0.0,0.0,0.08560178051703475,0.0,0.01712035610340695,0.0
85,Chaos in the Old World,0.0,0.0,0.09306654257794322,0.0,0.0,0.0,0.0,0.0,0.0,0.04653327128897161,0.0,0.0,0.0,0.0,0.04653327128897161,0.0,1.6286644951140066,0.0,0.0,0.0,0.0,0.0,0.0,0.09306654257794322,0.0,0.0,0.0,0.0,0.0,0.0,0.0,0.0,0.0,0.0,0.0,0.0,0.0,0.0,0.0,0.04653327128897161,0.0,0.0,0.0,0.04653327128897161,0.09306654257794322,0.0,0.0,0.0,0.0,1.9543973941368078,0.0,0.0,0.0,0.04653327128897161,0.0,0.0,0.0,0.04653327128897161,0.0,0.0,0.0,0.0,0.0,0.0,0.0,0.0,0.0,0.0,0.41879944160074456,0.0,0.0,0.0,0.0,0.0,0.0,0.0,0.0,0.0,0.0,0.09306654257794322,0.18613308515588645,0.0,0.0,0.0,0.0,1.8613308515588647,0.0,0.0,0.0,0.0,0.0,2.3266635644485807,0.09306654257794322,0.0,0.0,0.0,0.0,0.0,0.0,0.0
86,Istanbul,0.0,0.0,0.0,0.0,0.0,0.0,0.0,0.0546448087431694,0.0,0.0,0.0,0.1092896174863388,0.0,0.0,0.16393442622950818,0.0,0.0,0.0,0.0,0.0,0.0,0.0,0.0546448087431694,0.0,0.0,0.0,0.0,0.0,0.6010928961748634,0.0,0.0546448087431694,0.0,0.0,0.0,0.0,0.0,0.16393442622950818,0.0,0.0,0.0,0.0,0.0,0.0,0.0,0.0,0.0,0.4918032786885246,0.0,0.0,0.0,0.0,0.0,0.0,0.0,0.0,0.0,0.0,0.16393442622950818,0.0,0.0546448087431694,0.0,0.0,0.0,0.0546448087431694,0.0,0.0,0.0,0.0,0.0,0.0,0.0,0.0,0.0,0.0,0.0,0.0,0.0,0.0,0.0,0.0,0.16393442622950818,0.0,0.0,0.0,0.0,0.0,9.344262295081966,0.0,0.0,0.0,0.0,1.8579234972677596,0.0,0.0,0.0546448087431694,0.0,0.0,0.0,0.4918032786885246,0.0
87,Paths of Glory,0.0,0.0,2.1316033364226135,0.0,0.0,0.0,0.0,0.0,0.0,0.0,0.0,0.09267840593141798,0.0,0.0,0.0,0.0,0.0,0.0,0.0,0.0,0.0,0.0,0.0,0.0,0.0,0.0,0.0,0.0,0.0,0.0,0.0,0.0,0.0,0.0,0.0,0.0,0.0,0.0,0.0,0.0,0.0,0.0,0.0,0.0,0.0,0.0,0.0,0.0,0.0,0.0,0.0,0.0,0.0,0.0,0.0,0.0,0.0,0.0,0.0,0.0,0.0,0.0,0.0,0.0,0.0,0.0,0.0,0.0,0.0,0.0,0.0,0.0,0.0,0.0,0.0,0.0,0.0,0.0,0.0,0.0,0.7414272474513438,0.0,0.0,0.0,0.0,0.0,0.09267840593141798,2.5023169601482853,0.0,0.0,0.0,0.3707136237256719,0.18535681186283595,0.0,0.0,0.0,0.0,0.0,0.0,0.0
88,Cosmic Encounter,0.0,0.0,0.027609055770292656,0.0,0.0,0.0,0.0,0.0,0.0,0.0,0.0,0.027609055770292656,0.0,0.0,0.08282716731087797,0.0,0.0,0.0,0.0,0.0,0.0,0.0,0.027609055770292656,0.05521811154058531,0.0,0.0,0.0,0.0,0.0,0.0,0.0,0.027609055770292656,0.0,0.0,0.0,0.0,0.027609055770292656,0.0,0.0,0.0,0.0,0.0,0.08282716731087797,0.0,0.0,0.0,0.027609055770292656,0.0,0.0,0.027609055770292656,0.0,0.0,0.0,0.05521811154058531,0.0,0.0,0.0,1.4908890115958033,0.0,0.0,0.0,0.0,0.0,0.027609055770292656,0.0,0.0,0.0,0.0,0.0,0.0,0.0,0.0,0.0,0.0,0.0,0.0,0.0,0.0,0.027609055770292656,0.0,1.4632799558255107,0.0,0.0,0.0,0.0,0.0,0.0,0.0,6.212037548315847,0.0,0.0,0.35891772501380453,0.11043622308117063,0.0,0.0,0.0,0.0,0.0,0.0,0.0
89,Combat Commander: Europe,0.0,0.0,0.4971590909090909,0.0,0.0,0.0,0.0,0.0,0.0,0.0,0.0,0.0,0.0,0.0,0.07102272727272728,0.0,0.0,0.0,0.0,0.0,0.0,0.0,0.0,0.0,0.0,0.0,0.0,0.0,0.0,0.0,0.0,0.0,0.0,0.0,0.0,0.0,0.0,0.0,0.0,0.0,0.0,0.0,0.0,0.0,0.35511363636363635,0.0,0.0,0.0,0.0,0.0,0.0,0.0,0.0,0.0,0.0,0.0,0.0,0.14204545454545456,0.0,0.0,0.0,0.0,0.0,0.0,0.0,0.0,0.0,0.0,0.0,0.0,0.0,0.0,0.0,0.0,0.0,0.0,0.0,0.0,0.0,0.0,0.4971590909090909,0.0,0.0,0.0,0.0,0.0,0.0,0.14204545454545456,0.0,0.42613636363636365,0.0,0.2840909090909091,0.0,0.0,0.0,0.0,0.0,0.0,0.0,0.0
90,Captain Sonar,0.0,0.0,0.0,0.0,0.0,0.0,0.0,0.0,0.0,0.0,0.0,0.0,0.0,0.0,0.0,0.0,0.0,0.0,0.0,0.0,0.0,0.0,0.0,0.0,0.0,0.0,0.0,0.0,0.0,0.0,0.0,0.0,0.0,0.0,0.0,0.12755102040816327,0.0,0.0,0.0,0.0,0.0,0.0,0.0,0.0,0.0,0.0,0.0,0.0,0.0,0.0,0.0,0.0,0.0,0.0,0.0,0.0,0.0,0.0,0.0,0.0,0.0,0.0,0.0,0.12755102040816327,0.0,0.0,0.0,0.0,0.0,0.0,0.0,0.0,0.0,0.0,0.0,0.0,0.0,0.0,0.0,0.0,0.25510204081632654,0.0,0.0,0.0,0.0,0.0,0.0,0.0,0.0,0.0,4.974489795918367,0.0,0.12755102040816327,0.0,0.0,0.0,0.0,0.0,0.0,0.0
91,Goa,0.0,0.0,0.0,0.0,0.0,0.0,0.0,0.0,0.0,0.0,0.0,5.851063829787234,0.0,0.0,0.613747954173486,0.0,0.0,0.04091653027823241,0.0,0.0,0.0,0.0,0.40916530278232405,0.0,0.0,0.0,0.0,0.0,0.0,0.0,0.08183306055646482,0.0,0.0,0.0,0.0,0.0,0.0,0.0,0.0,1.0638297872340425,0.0,0.0,0.04091653027823241,0.04091653027823241,0.0,0.0,0.0,0.0,0.0,0.2864157119476268,0.0,0.0,0.0,0.0,0.0,0.04091653027823241,0.0,0.0,0.0,0.0,0.0,0.0,0.0,0.0,0.0,0.0,0.0,0.0,0.0,0.0,0.0,0.12274959083469722,0.0,0.0,0.0,0.0,0.0,0.0,0.0,0.0,0.20458265139116202,0.0,0.0,0.0,0.0,0.0,0.12274959083469722,0.0,0.0,0.0,0.0,10.310965630114566,0.12274959083469722,0.0,0.0,0.0,0.04091653027823241,0.20458265139116202,0.08183306055646482,0.0
92,Steam,0.0,0.0,0.0,0.0,0.0,0.06825938566552901,0.0,0.0,0.0,0.0,0.0,0.7508532423208191,0.0,0.0,0.0,0.0,0.0,0.0,0.0,0.0,0.0,0.0,0.9556313993174061,0.06825938566552901,0.0,0.0,0.0,0.0,0.0,0.0,0.06825938566552901,0.0,0.0,0.0,0.0,0.0,0.0,0.0,0.0,0.0,0.0,0.0,0.06825938566552901,0.0,0.0,0.0,0.0,0.0,0.0,0.0,0.0,0.0,0.0,0.0,0.0,0.0,0.0,0.0,0.0,0.0,0.0,0.0,0.0,0.0,0.0,0.0,0.0,0.0,0.0,0.0,0.0,0.06825938566552901,0.0,0.0,0.0,0.0,0.0,0.0,0.0,0.0,0.13651877133105803,0.06825938566552901,0.0,2.7303754266211606,0.0,0.0,0.0,0.0,0.0,0.0,0.0,0.20477815699658702,34.19795221843003,0.0,0.0,0.0,23.41296928327645,0.0,0.0,0.0
93,The Lord of the Rings: The Card Game,0.0,0.0,0.0,0.0,0.0,0.0,0.0,0.0,0.0,0.0,0.0,0.0,0.0,0.0,0.035919540229885055,0.0,0.035919540229885055,0.0,0.035919540229885055,0.0,0.0,0.0,0.0,0.035919540229885055,0.0,0.0,0.0,0.0,0.0,0.0,0.0,0.21551724137931033,0.0,0.0,0.0,0.0,0.035919540229885055,0.0,0.0,0.035919540229885055,0.0,0.035919540229885055,0.14367816091954022,0.035919540229885055,0.0,0.0,0.0,0.0,0.0,0.035919540229885055,0.0,0.0,0.0,0.035919540229885055,0.0,0.0,0.0,0.46695402298850575,0.0,0.0,0.0,0.0,0.0,0.39511494252873564,0.0,0.0,0.0,0.0,0.0,0.0,0.0,0.0,0.0,0.0,0.0,0.0,0.0,0.0,0.0,0.0,0.6824712643678161,0.0,0.0,0.0,0.0,0.0,0.0,0.0,0.0,0.0,0.0,0.46695402298850575,0.07183908045977011,0.21551724137931033,0.035919540229885055,0.0,0.0,0.0,0.0,0.0
94,Jaipur,0.0,0.0,0.0,0.0,0.0,0.0,0.0,0.0,0.18115942028985507,0.0,0.0,0.0,0.0,0.0,0.12077294685990338,0.0,0.0,0.0,0.0,0.0,0.0,0.0,0.030193236714975844,0.030193236714975844,0.0,0.0,0.0,0.0,0.0,0.0,0.030193236714975844,0.0,0.0,0.0,0.0,0.0,0.2717391304347826,0.0,0.0,0.0,0.0,0.0,0.06038647342995169,0.0,0.0,0.15096618357487923,0.0,0.0,0.0,0.0,0.0,0.0,0.0,0.0,0.0,0.0,0.0,0.06038647342995169,0.0,0.0,0.0,0.0,0.0,0.030193236714975844,0.0,0.0,0.0,0.0,0.0,0.0,0.0,0.0,0.0,0.0,0.0,0.0,0.0,0.0,0.030193236714975844,0.0,0.030193236714975844,0.0,0.0,0.0,0.0,0.0,0.0,0.0,0.0,0.0,0.0,0.09057971014492754,0.0,0.0,5.374396135265701,0.0,0.0,0.0,0.8756038647342995,0.0
95,La Granja,0.0,0.0,0.0,0.0,0.0,0.12285012285012285,0.0,0.0,0.0,0.2457002457002457,0.0,0.2457002457002457,0.0,0.0,7.002457002457002,0.0,0.0,0.0,0.0,0.0,0.0,0.0,0.0,0.0,0.0,0.0,0.0,0.0,0.0,0.0,0.36855036855036855,0.0,0.0,0.0,0.0,0.0,0.0,0.2457002457002457,0.0,0.12285012285012285,0.0,0.0,0.2457002457002457,0.0,0.0,0.12285012285012285,0.0,0.0,0.0,0.0,0.0,0.0,0.36855036855036855,0.0,0.0,0.0,0.0,0.0,0.0,0.12285012285012285,0.12285012285012285,0.0,0.2457002457002457,0.0,0.0,0.0,0.0,0.0,0.0,0.0,0.0,0.0,0.0,0.0,0.0,0.0,0.0,0.12285012285012285,0.0,0.0,0.6142506142506142,0.0,0.0,0.0,0.0,0.0,0.0,0.0,0.0,0.0,0.0,0.7371007371007371,0.2457002457002457,0.0,0.0,11.17936117936118,0.0,0.0,0.0,0.0
96,Age of Steam,0.0,0.0,0.0,0.0,0.0,0.0,0.0,0.0,0.0,0.0,0.0,0.8051529790660226,0.0,0.0,0.1610305958132045,0.0,0.0,0.0,0.0,0.0,0.0,0.0,1.288244766505636,0.0,0.0,0.0,0.0,0.0,0.0,0.0,0.0,0.0,0.0,0.0,0.0,0.0,0.0,0.0,0.0,0.10735373054213634,0.0,0.0,0.0,0.0,0.05367686527106817,0.0,0.0,0.0,0.0,0.05367686527106817,0.0,0.0,0.0,0.0,0.0,0.0,0.0,0.0,0.0,0.05367686527106817,0.0,0.05367686527106817,0.0,0.0,0.0,0.0,0.0,0.0,0.0,0.0,0.0,0.05367686527106817,0.0,0.0,0.0,0.0,0.0,0.0,0.0,0.0,0.10735373054213634,0.0,0.0,1.2345679012345678,0.0,0.0,0.0,0.0,0.0,0.0,0.0,0.4830917874396135,15.727321524422974,0.0,0.0,0.0,8.588298443370908,0.0,0.0,0.0
97,Hansa Teutonica,0.0,0.0,0.0,0.0,0.0,0.6997084548104956,0.0,0.05830903790087463,0.0,0.0,0.0,0.8163265306122449,0.0,0.05830903790087463,0.5247813411078717,0.0,0.0,0.0,0.0,0.0,0.0,0.0,0.23323615160349853,0.1749271137026239,0.0,0.0,0.0,0.0,0.1749271137026239,0.0,0.0,0.0,0.0,0.0,0.0,0.0,0.05830903790087463,0.0,0.0,0.5247813411078717,0.0,0.0,0.23323615160349853,0.0,0.0,0.0,0.05830903790087463,0.0,0.0,0.9329446064139941,0.0,0.0,0.0,0.0,0.0,0.0,0.0,0.05830903790087463,0.0,0.0,0.0,0.1749271137026239,0.0,0.0,0.0,0.0,0.0,0.0,0.0,0.0,0.0,0.11661807580174927,0.0,0.0,0.0,0.0,0.0,0.0,0.0,0.0,0.0,0.0,0.0,0.0,0.0,0.0,0.05830903790087463,0.0,0.0,0.0,0.0,1.8075801749271136,0.23323615160349853,0.0,0.0,0.0,0.0,4.606413994169096,0.0,0.0
98,Splendor,0.0,0.0,0.0,0.0,0.0,0.0,0.022578460149017838,0.0,0.045156920298035676,0.022578460149017838,0.0,0.0,0.0,0.0,0.13547076089410703,0.0,0.022578460149017838,0.0,0.0,0.0,0.0,0.0,0.045156920298035676,0.022578460149017838,0.0,0.0,0.0,0.0,0.0,0.0,0.045156920298035676,0.0,0.0,0.0,0.0,0.022578460149017838,0.5644615037254459,0.0,0.0,0.0,0.0,0.022578460149017838,0.045156920298035676,0.022578460149017838,0.0,0.022578460149017838,0.022578460149017838,0.0,0.022578460149017838,0.0,0.0,0.0,0.0,0.0,0.0,0.0,0.0,0.7450891849175886,0.0,0.0,0.0,0.0,0.0,0.022578460149017838,0.0,0.0,0.0,0.022578460149017838,0.0,0.0,0.0,0.0,0.0,0.0,0.0,0.0,0.0,0.0,0.022578460149017838,0.0,0.24836306163919622,0.022578460149017838,0.0,0.0,0.0,0.0,0.06773538044705352,0.0,0.0,0.0,0.0,0.7450891849175886,0.15804922104312485,0.0,0.47414766312937456,0.0,0.0,0.0,6.954165725897494,0.0
99,Zombicide: Black Plague,0.0,0.0,0.0,0.13812154696132597,0.0,0.0,0.0,0.0,0.0,0.0,0.0,0.0,0.0,0.0,0.0,0.0,0.27624309392265195,0.0,0.0,0.0,0.13812154696132597,0.0,0.0,0.13812154696132597,0.0,0.13812154696132597,0.0,0.0,0.0,0.0,0.0,0.0,0.0,0.0,0.0,0.0,0.0,0.0,0.0,0.0,0.0,0.4143646408839779,0.0,0.0,0.0,0.0,0.0,0.0,0.0,0.0,0.0,0.0,0.0,0.0,0.0,0.0,0.0,0.0,0.0,0.0,0.0,0.0,0.0,0.27624309392265195,0.0,0.0,0.0,0.0,0.0,0.0,0.0,0.0,0.0,0.0,0.27624309392265195,0.0,0.0,0.0,0.0,0.0,1.3812154696132597,0.0,0.0,0.0,0.0,0.0,0.0,0.0,0.0,0.0,0.0,1.3812154696132597,0.13812154696132597,0.0,0.0,0.0,0.0,0.0,0.0,0.8287292817679558
